policy_age_hours,claims_7d,claims_30d,gps_distance_km,account_age_days,city_match,prior_fraud_flags,claim_velocity_zscore,hour_of_day,day_of_week,income_anomaly_score,simultaneous_claims_city,is_fraud
1.76,4,7,66.47,3,0,1,5.606,10,3,0.955,0,1
96.77,2,3,0.48,184,1,0,1.094,11,3,0.104,2,0
129.41,0,1,9.42,106,1,0,0.071,9,2,0.101,0,0
0.46,7,7,126.74,13,0,4,4.706,18,1,0.222,0,1
60.54,1,4,7.67,319,1,0,1.4,18,3,0.154,1,0
145.37,2,6,2.02,37,1,0,-0.572,9,0,0.057,2,0
146.44,2,6,1.41,293,1,0,0.401,8,4,0.131,1,0
1.69,6,9,143.08,6,0,4,4.213,18,6,0.729,0,1
149.77,0,4,0.48,139,1,0,1.254,17,2,0.247,0,0
65.36,1,5,1.17,240,1,0,-0.637,8,2,0.276,1,0
137.68,1,5,2.24,352,1,0,-0.171,9,1,0.15,2,0
101.1,0,0,6.05,144,1,0,0.36,10,5,0.222,1,0
115.43,1,4,1.24,273,1,0,0.377,15,2,0.145,2,0
17.34,0,0,4.07,130,1,0,0.645,11,6,0.257,0,0
165.15,1,1,7.44,190,1,0,-0.734,21,3,0.06,1,0
149.87,1,3,4.71,288,1,0,0.259,11,1,0.187,1,0
157.63,0,4,8.22,280,1,0,0.574,17,6,0.025,1,0
1.03,5,6,118.08,5,0,1,4.159,14,5,0.189,0,1
107.41,2,6,6.01,283,1,0,-0.549,7,5,0.069,1,0
57.21,0,2,8.1,228,1,0,-0.095,15,0,0.28,0,0
63.46,0,3,7.97,74,1,0,-0.445,10,0,0.158,0,0
38.3,2,6,1.65,101,1,0,0.738,19,1,0.242,0,0
148.38,2,6,3.96,274,1,0,-0.487,10,3,0.104,2,0
136.56,0,3,7.58,249,1,0,0.791,11,5,0.243,1,0
89.23,2,4,4.75,104,1,0,-0.129,21,6,0.186,0,0
86.98,1,3,1.77,146,1,0,1.014,19,2,0.243,1,0
167.73,1,4,8.22,361,1,0,0.126,15,1,0.126,0,0
87.51,1,1,2.83,284,1,0,0.945,7,4,0.045,1,0
0.25,6,9,67.42,4,0,3,4.734,12,1,0.307,0,1
44.1,2,5,5.42,298,1,0,-0.785,7,5,0.201,0,0
32.26,1,1,4.52,255,1,0,-0.576,13,1,0.138,0,0
114.0,2,4,6.66,102,1,0,1.467,10,2,0.059,2,0
41.88,2,2,8.76,217,1,0,-0.034,9,3,0.111,0,0
87.93,2,5,2.15,164,1,0,0.744,17,1,0.274,0,0
31.29,1,4,4.84,94,1,0,-0.153,13,5,0.035,2,0
44.71,2,6,3.92,172,1,0,0.743,6,0,0.262,1,0
103.47,2,2,3.73,36,1,0,-0.824,17,5,0.036,2,0
156.99,1,5,3.82,54,1,0,-0.023,13,2,0.282,0,0
1.23,5,7,97.02,3,0,3,4.745,14,0,0.241,0,1
135.89,2,5,4.6,255,1,0,-0.676,11,5,0.114,0,0
72.76,0,1,4.76,271,0,0,-0.083,9,2,0.263,2,0
0.14,4,4,99.01,11,0,1,5.232,18,4,0.458,0,1
1.86,6,7,145.4,7,0,2,4.235,13,0,0.872,0,1
56.43,2,5,7.91,200,1,0,0.745,12,0,0.078,0,0
42.06,1,5,5.77,287,1,0,1.267,18,2,0.171,0,0
0.32,7,11,128.62,12,0,3,2.677,6,6,0.637,0,1
115.14,1,1,9.93,54,1,0,-0.021,6,1,0.229,2,0
135.81,0,3,1.17,264,1,0,1.266,11,2,0.131,2,0
91.25,2,4,3.23,328,1,0,0.467,19,0,0.178,0,0
137.63,2,5,4.3,172,1,0,0.593,13,5,0.042,1,0
54.77,0,2,8.87,348,1,0,-0.313,11,3,0.242,1,0
103.38,0,3,1.18,226,1,0,-0.021,6,5,0.284,0,0
64.2,0,1,8.03,82,0,0,0.382,10,3,0.051,1,0
0.41,6,7,41.1,0,0,1,4.051,20,6,0.681,0,1
93.22,2,3,6.71,50,1,0,0.516,16,4,0.003,0,0
122.14,1,2,7.81,115,1,0,1.219,7,3,0.211,1,0
95.63,0,0,9.96,148,1,0,0.011,19,6,0.117,1,0
95.67,2,5,0.07,84,1,0,0.896,13,6,0.007,0,0
87.19,2,3,4.53,199,1,0,-0.173,8,1,0.245,1,0
1.76,7,11,137.51,0,1,4,4.699,13,3,0.526,0,1
163.01,1,3,9.5,266,1,0,0.809,7,1,0.252,0,0
23.79,0,2,3.5,121,1,0,0.005,13,3,0.253,2,0
68.88,2,6,0.82,285,0,0,0.604,8,3,0.246,0,0
3.98,0,1,6.12,296,1,0,0.412,11,4,0.041,1,0
162.34,0,4,8.55,175,1,0,-0.855,7,6,0.214,0,0
44.44,0,3,1.61,21,1,0,-0.501,17,4,0.206,2,0
35.93,0,2,3.4,138,1,0,0.814,20,2,0.098,0,0
59.24,2,5,9.97,195,1,0,-0.138,21,3,0.06,2,0
81.49,0,0,5.16,318,1,0,1.24,6,5,0.158,0,0
137.34,0,3,0.06,242,1,0,0.744,15,2,0.1,1,0
1.35,4,8,77.53,9,0,4,5.728,13,5,0.648,0,1
100.91,1,2,0.6,363,1,0,0.536,20,3,0.166,1,0
121.06,1,1,1.41,263,1,0,1.162,7,5,0.287,2,0
123.59,1,1,1.1,147,1,0,-0.947,17,4,0.202,2,0
4.46,2,5,1.7,150,1,0,0.431,8,5,0.114,0,0
53.09,0,3,7.36,231,1,0,0.477,12,1,0.148,2,0
1.8,5,5,133.92,3,0,4,2.94,14,4,0.353,0,1
54.68,1,5,9.26,212,1,0,-0.297,7,2,0.167,1,0
61.63,2,2,6.78,309,1,0,0.028,12,1,0.084,0,0
162.43,1,2,7.05,242,1,0,-0.314,6,1,0.152,1,0
47.29,2,3,2.07,348,1,0,1.033,6,6,0.145,1,0
45.72,0,3,3.71,242,1,0,-0.127,6,5,0.061,0,0
160.58,1,2,7.01,219,1,0,0.116,12,1,0.131,1,0
72.48,1,2,3.84,105,1,0,-0.916,10,3,0.057,1,0
83.5,0,1,4.66,302,0,0,0.133,9,1,0.037,2,0
114.03,1,3,4.8,26,1,0,1.186,13,1,0.086,1,0
43.53,0,1,0.63,325,1,0,-0.344,9,2,0.159,0,0
86.19,1,1,0.67,113,1,0,1.244,9,1,0.061,1,0
104.42,2,6,7.65,349,1,0,-0.115,15,5,0.201,1,0
50.94,1,4,0.9,308,1,0,-0.664,16,5,0.077,1,0
41.11,2,2,0.47,279,1,0,-0.195,20,2,0.181,2,0
122.8,0,1,9.96,274,1,0,0.12,12,4,0.146,2,0
61.34,2,5,7.0,258,1,0,1.292,8,4,0.052,2,0
120.45,1,4,1.68,190,1,0,0.203,21,3,0.063,0,0
45.17,1,3,3.44,143,0,0,-0.543,14,0,0.298,2,0
37.36,1,4,4.16,287,0,0,-0.454,13,6,0.17,0,0
1.43,6,9,63.62,1,1,2,5.306,17,6,0.881,0,1
167.61,2,6,0.49,18,1,0,1.122,18,6,0.235,2,0
12.07,0,3,3.89,156,1,0,-0.697,15,1,0.264,2,0
71.07,1,4,9.19,338,1,0,-0.054,19,5,0.07,2,0
86.85,2,5,9.28,138,0,0,-0.951,13,4,0.233,1,0
104.62,0,0,7.94,153,1,0,-0.276,11,0,0.064,0,0
40.84,0,3,1.46,92,1,0,1.344,10,1,0.185,0,0
4.83,2,4,1.9,7,1,0,0.514,21,2,0.173,1,0
70.93,1,1,6.33,328,1,0,-0.842,7,2,0.258,2,0
87.35,1,1,2.18,287,1,0,0.525,19,0,0.161,1,0
25.6,0,2,8.82,207,1,0,0.78,13,2,0.214,2,0
133.11,0,1,2.45,189,1,0,-0.945,16,5,0.063,0,0
137.54,1,1,2.06,271,1,0,0.261,15,0,0.127,0,0
86.73,2,3,3.47,312,1,0,0.448,21,2,0.141,0,0
43.92,1,2,8.93,92,0,0,-0.49,10,3,0.27,0,0
1.55,7,7,58.37,11,0,3,4.931,6,1,0.07,0,1
0.74,4,6,134.54,10,0,3,4.511,19,0,0.176,0,1
154.97,2,2,0.13,160,1,0,0.097,18,6,0.227,2,0
126.9,0,1,9.64,331,1,0,-0.605,8,6,0.193,1,0
166.33,2,4,1.28,133,1,0,-0.53,11,5,0.193,0,0
2.5,1,3,1.51,309,1,0,0.068,6,5,0.252,2,0
0.28,6,9,49.69,11,0,3,3.125,14,5,0.691,0,1
1.79,6,9,126.66,12,0,4,4.271,21,2,0.097,0,1
85.63,0,1,5.74,317,1,0,0.122,8,4,0.294,1,0
46.87,1,5,3.83,364,1,0,0.61,10,1,0.128,1,0
1.18,7,9,77.88,12,1,3,5.147,17,6,0.851,0,1
151.35,1,1,3.69,8,1,0,-0.348,15,2,0.228,1,0
7.14,1,1,2.46,110,1,0,-0.547,6,6,0.071,1,0
91.17,2,6,5.35,45,1,0,1.265,18,1,0.099,2,0
11.89,1,2,5.35,250,1,0,-0.328,11,1,0.021,1,0
59.25,0,1,9.88,304,0,0,1.348,15,2,0.072,0,0
120.07,1,4,2.4,139,1,0,-0.623,11,4,0.107,2,0
148.58,0,2,2.0,191,1,0,0.14,11,0,0.204,2,0
124.11,0,2,4.43,149,1,0,-0.689,13,4,0.032,2,0
81.62,0,4,0.62,159,1,0,-0.254,12,6,0.107,0,0
122.68,1,5,0.84,119,1,0,1.257,8,6,0.061,2,0
72.46,2,2,4.11,149,1,0,0.335,20,6,0.068,1,0
100.67,2,5,2.49,230,1,0,1.145,17,3,0.226,2,0
115.89,2,3,4.41,45,1,0,1.03,21,5,0.244,0,0
91.93,0,2,9.0,93,1,0,-0.362,13,4,0.133,2,0
38.53,1,2,5.75,343,1,0,-0.941,6,4,0.252,1,0
58.66,1,2,8.4,108,1,0,0.673,9,5,0.037,2,0
114.87,1,4,9.4,81,1,0,0.38,8,4,0.137,0,0
156.51,2,3,8.77,300,1,0,-0.152,20,2,0.011,0,0
62.48,2,6,9.3,218,1,0,1.378,7,0,0.271,0,0
80.37,0,3,5.26,164,1,0,0.28,9,1,0.108,2,0
156.3,1,5,3.58,78,1,0,1.495,6,1,0.167,1,0
71.69,1,3,0.85,48,1,0,1.377,19,1,0.045,0,0
156.25,0,4,4.57,17,1,0,0.443,10,3,0.117,1,0
107.92,1,4,4.13,304,1,0,0.959,7,4,0.264,2,0
12.89,2,4,8.14,197,1,0,0.112,8,3,0.236,0,0
69.98,1,4,0.76,39,1,0,-0.701,19,3,0.286,1,0
84.17,1,2,0.45,244,1,0,0.123,19,3,0.27,2,0
37.09,1,2,4.51,51,1,0,0.269,18,2,0.022,0,0
1.75,5,5,140.02,8,0,1,4.851,11,0,0.455,0,1
56.43,1,4,8.17,113,1,0,-0.299,13,2,0.174,1,0
76.29,2,3,1.95,26,1,0,-0.051,16,6,0.17,2,0
0.15,4,8,130.96,1,0,4,3.49,14,6,0.549,0,1
107.78,1,1,5.32,300,1,0,-0.56,9,4,0.003,1,0
99.31,2,2,7.83,121,0,0,-0.304,14,1,0.235,1,0
111.65,0,3,3.36,327,1,0,0.479,10,1,0.065,0,0
30.16,0,1,7.88,107,1,0,-0.481,11,3,0.077,0,0
124.25,0,2,9.48,172,1,0,0.909,21,2,0.068,0,0
164.86,1,1,1.44,249,1,0,-0.003,13,3,0.17,0,0
27.07,1,5,1.78,241,1,0,0.867,13,6,0.276,1,0
37.47,1,2,9.0,149,1,0,0.282,21,1,0.14,1,0
43.36,2,5,4.98,328,1,0,1.122,16,1,0.26,2,0
60.66,1,5,1.82,118,1,0,-0.509,15,3,0.009,1,0
112.67,2,4,4.18,242,0,0,0.426,14,3,0.027,1,0
126.83,1,2,8.05,346,1,0,0.666,9,6,0.265,0,0
57.43,2,5,0.34,315,1,0,1.127,20,6,0.066,1,0
10.79,1,5,7.37,335,1,0,-0.009,6,0,0.192,2,0
52.63,0,1,0.82,94,1,0,-0.342,8,0,0.217,1,0
38.77,1,5,8.05,269,1,0,0.384,9,5,0.138,2,0
122.86,1,2,3.42,184,1,0,0.729,20,5,0.125,2,0
118.57,2,2,6.09,321,1,0,-0.257,18,3,0.136,1,0
10.6,2,2,4.44,253,1,0,1.13,6,3,0.04,0,0
120.19,2,3,8.04,202,1,0,-0.859,15,2,0.136,2,0
62.46,2,5,5.68,86,1,0,0.293,9,4,0.222,0,0
52.26,2,5,2.4,79,1,0,0.557,15,2,0.135,2,0
89.17,0,3,9.67,302,1,0,-0.35,12,3,0.245,1,0
166.39,0,3,4.45,238,1,0,1.17,12,5,0.165,0,0
111.72,0,1,1.53,265,1,0,-0.065,6,5,0.002,0,0
100.44,1,4,7.0,72,1,0,0.53,8,2,0.086,2,0
120.03,2,6,5.88,58,1,0,0.63,20,5,0.092,1,0
40.9,0,3,1.41,283,1,0,0.339,21,5,0.287,1,0
40.99,1,4,0.33,301,1,0,0.945,18,5,0.11,0,0
34.71,2,6,1.65,209,1,0,-0.591,8,4,0.167,2,0
93.5,1,1,5.61,64,0,0,-0.246,21,5,0.063,2,0
158.26,0,1,9.78,258,1,0,0.224,17,1,0.246,2,0
165.83,0,1,0.82,92,1,0,0.078,11,4,0.144,1,0
61.44,1,5,1.73,28,1,0,-0.703,19,2,0.263,0,0
17.94,0,1,5.21,25,1,0,0.301,19,2,0.066,0,0
64.96,1,2,5.53,356,1,0,-0.522,11,1,0.039,0,0
155.69,0,1,0.96,288,1,0,0.701,7,4,0.171,1,0
59.68,2,3,7.72,111,1,0,-0.909,11,6,0.245,0,0
160.72,1,5,5.32,141,1,0,-0.836,15,1,0.167,0,0
19.26,1,4,7.47,252,1,0,0.658,12,2,0.014,1,0
27.43,2,4,5.91,97,1,0,1.409,6,3,0.176,1,0
96.21,2,4,5.59,340,1,0,0.143,13,4,0.259,0,0
1.68,7,7,51.01,2,1,4,4.692,11,4,0.016,0,1
0.57,6,10,91.12,7,0,1,4.906,19,2,0.173,0,1
152.28,1,5,5.56,112,1,0,0.874,18,2,0.244,2,0
141.62,1,2,0.0,61,1,0,-0.174,16,2,0.115,2,0
1.86,6,9,67.45,8,0,1,5.541,19,1,0.152,0,1
66.66,0,1,1.32,277,1,0,-0.38,7,2,0.184,0,0
85.05,1,3,8.75,218,1,0,0.618,12,0,0.293,0,0
61.58,0,0,2.38,311,1,0,-0.016,7,6,0.14,0,0
0.74,4,7,116.85,8,0,3,5.464,19,5,0.582,0,1
0.56,6,6,104.95,0,0,1,3.358,17,6,0.987,0,1
47.71,1,4,5.64,136,1,0,-0.434,7,1,0.225,1,0
0.67,4,6,83.01,9,0,2,5.348,15,1,0.726,0,1
87.27,0,3,0.34,262,1,0,-0.636,6,2,0.183,2,0
155.5,0,2,2.6,264,1,0,0.107,17,1,0.085,2,0
76.21,2,6,8.28,229,1,0,1.151,17,6,0.186,2,0
1.96,6,6,103.46,2,1,1,5.604,15,4,0.284,0,1
93.82,0,1,0.89,53,1,0,-0.479,8,6,0.227,2,0
2.07,0,3,1.56,308,1,0,0.746,21,4,0.021,1,0
4.02,0,1,5.01,46,1,0,0.307,9,0,0.008,2,0
73.76,0,1,7.83,228,1,0,0.145,8,5,0.214,0,0
164.95,0,2,9.68,243,1,0,0.755,11,4,0.073,1,0
23.53,2,3,4.73,293,1,0,-0.808,15,1,0.234,1,0
0.37,4,8,31.55,2,0,2,2.613,12,5,0.592,0,1
102.1,0,3,7.27,269,1,0,1.1,10,3,0.294,2,0
51.82,2,4,8.55,82,1,0,0.966,15,0,0.288,1,0
121.33,0,3,1.84,198,1,0,1.023,17,1,0.219,0,0
96.02,2,2,6.64,105,1,0,0.667,10,0,0.218,2,0
125.98,2,4,0.51,85,1,0,-0.355,18,5,0.212,2,0
59.61,1,5,8.91,194,1,0,1.234,9,5,0.202,2,0
45.96,2,5,4.83,18,0,0,-0.172,16,0,0.026,2,0
23.02,2,4,0.26,153,1,0,-0.674,20,4,0.023,0,0
35.73,2,5,2.54,131,1,0,0.874,6,6,0.24,0,0
19.12,0,3,0.69,195,1,0,0.898,17,3,0.162,0,0
124.62,1,3,2.93,221,1,0,1.071,16,4,0.015,0,0
42.56,1,1,8.04,231,1,0,-0.994,18,6,0.242,2,0
138.09,2,2,3.96,172,1,0,1.344,16,3,0.257,0,0
48.62,0,1,3.11,129,1,0,0.288,8,6,0.063,1,0
94.62,1,2,6.58,94,1,0,0.455,11,6,0.164,1,0
1.67,7,7,45.24,5,0,2,5.037,21,5,0.181,0,1
121.89,1,4,7.71,260,1,0,1.012,14,1,0.21,1,0
80.11,1,4,3.47,348,1,0,0.636,16,4,0.046,0,0
167.13,1,1,7.08,282,1,0,0.252,11,6,0.223,0,0
85.18,0,0,1.14,87,1,0,0.866,14,2,0.241,2,0
131.07,0,1,5.71,320,1,0,-0.28,18,4,0.181,2,0
99.45,2,6,1.02,214,1,0,-0.34,13,1,0.155,2,0
114.91,2,6,2.58,242,1,0,-0.073,13,3,0.039,2,0
96.61,2,5,4.76,190,1,0,-0.2,20,4,0.085,2,0
70.29,0,1,1.65,137,1,0,1.486,8,5,0.064,1,0
164.09,0,2,6.63,324,0,0,-0.588,8,2,0.224,0,0
5.78,0,0,6.17,76,1,0,0.783,19,6,0.1,2,0
0.47,4,4,52.3,5,0,1,4.087,11,0,0.808,0,1
63.94,2,6,4.55,192,1,0,0.785,15,6,0.265,1,0
24.19,0,4,4.87,42,1,0,1.345,16,2,0.238,2,0
33.86,0,0,9.31,222,1,0,-0.81,16,5,0.208,2,0
108.27,1,5,3.97,228,1,0,0.351,7,1,0.244,2,0
2.19,1,2,0.66,9,1,0,0.176,7,5,0.069,1,0
73.48,2,2,9.34,334,1,0,0.817,12,4,0.182,0,0
94.38,0,3,8.69,11,1,0,0.32,10,4,0.204,0,0
73.19,2,3,5.89,209,1,0,-0.475,19,0,0.047,0,0
27.87,1,2,9.05,147,1,0,0.338,10,4,0.18,0,0
56.51,0,2,8.52,89,1,0,0.259,15,0,0.001,2,0
143.25,2,5,4.11,83,1,0,0.929,13,1,0.255,1,0
64.29,2,6,5.34,215,1,0,1.39,8,6,0.136,0,0
74.04,1,5,7.91,64,1,0,0.674,11,3,0.3,0,0
139.51,2,2,9.73,77,1,0,0.394,19,3,0.066,1,0
40.32,0,4,5.73,123,1,0,-0.893,12,6,0.176,0,0
9.61,0,1,0.14,195,1,0,-0.018,18,6,0.15,1,0
109.85,0,1,1.07,222,1,0,-0.514,19,0,0.01,0,0
27.28,0,4,7.35,121,1,0,1.336,17,1,0.151,1,0
29.68,1,2,0.64,249,1,0,0.208,11,0,0.111,1,0
136.95,0,3,2.18,288,1,0,1.252,16,5,0.237,2,0
11.47,2,5,7.27,336,1,0,1.302,17,5,0.023,1,0
48.72,2,6,7.98,83,1,0,-0.344,13,4,0.288,0,0
10.27,1,3,3.03,85,1,0,1.035,14,3,0.142,0,0
32.97,1,2,6.38,233,1,0,-0.53,13,4,0.091,0,0
35.25,1,4,8.32,173,1,0,0.561,9,5,0.067,2,0
114.92,2,2,1.41,180,1,0,1.403,21,3,0.147,0,0
64.42,0,4,6.76,115,1,0,1.344,11,6,0.211,0,0
43.51,2,2,9.04,64,1,0,-0.162,19,2,0.25,1,0
46.53,2,6,8.14,316,1,0,-0.052,7,1,0.091,0,0
76.87,2,4,7.91,344,1,0,-0.136,17,2,0.168,0,0
9.87,0,1,5.15,243,1,0,-0.638,15,4,0.137,2,0
24.12,0,0,1.22,139,1,0,-0.206,12,5,0.032,0,0
44.05,1,5,9.08,31,1,0,0.681,17,4,0.172,0,0
119.45,2,6,0.4,347,1,0,-0.664,20,0,0.245,1,0
21.84,2,5,7.03,140,1,0,0.051,8,4,0.023,0,0
165.12,0,3,7.19,196,1,0,-0.444,11,0,0.163,1,0
1.98,4,5,85.18,7,1,3,2.525,15,4,0.873,0,1
22.35,2,3,1.32,23,1,0,-0.159,18,0,0.165,0,0
75.29,1,4,6.19,341,1,0,-0.551,9,3,0.156,0,0
128.48,1,1,7.34,99,1,0,0.635,17,1,0.195,2,0
19.06,0,2,0.5,306,1,0,-0.927,21,0,0.254,2,0
1.05,4,5,141.04,2,0,1,5.058,19,5,0.599,0,1
87.73,2,4,2.16,234,1,0,0.015,12,2,0.157,1,0
1.05,4,5,132.55,8,0,4,3.715,15,4,0.85,0,1
1.77,4,8,90.39,4,0,4,5.121,8,6,0.858,0,1
38.38,0,2,1.17,66,1,0,1.129,11,6,0.247,0,0
107.16,2,3,6.46,213,1,0,-0.036,7,2,0.201,0,0
14.05,2,2,3.03,61,1,0,1.078,21,6,0.266,1,0
85.26,2,2,3.42,345,1,0,1.497,9,4,0.286,2,0
71.94,1,3,2.04,280,1,0,-0.79,19,5,0.188,2,0
102.32,2,6,8.31,24,1,0,0.892,13,5,0.094,0,0
143.72,2,6,9.86,24,1,0,0.909,14,5,0.247,1,0
155.47,2,6,8.87,144,1,0,-0.579,11,5,0.259,2,0
34.76,1,2,0.8,337,1,0,1.01,10,0,0.235,1,0
89.11,2,4,9.45,19,1,0,0.558,8,1,0.291,1,0
48.49,2,6,9.96,361,1,0,1.251,14,5,0.122,1,0
132.79,1,5,0.9,13,1,0,0.526,20,4,0.108,1,0
13.88,1,1,5.97,109,1,0,0.168,9,5,0.011,0,0
1.25,6,10,22.74,2,0,3,3.54,13,2,0.357,0,1
127.15,2,3,6.73,193,1,0,0.659,14,0,0.05,2,0
120.2,1,2,7.49,73,1,0,-0.735,13,3,0.202,0,0
40.11,1,1,0.66,210,1,0,0.032,6,4,0.171,2,0
68.28,0,4,2.75,114,1,0,0.701,7,0,0.252,0,0
92.99,0,1,2.17,161,1,0,0.443,15,4,0.098,0,0
0.57,6,7,54.8,6,0,4,3.23,10,4,0.468,0,1
84.76,2,4,2.96,208,1,0,0.322,10,6,0.065,1,0
1.04,7,10,73.85,13,1,3,3.812,20,3,0.32,0,1
124.02,0,0,9.08,240,1,0,1.436,12,0,0.19,2,0
77.34,0,2,8.75,134,0,0,1.097,14,2,0.179,1,0
123.17,2,5,6.19,98,1,0,-0.268,6,6,0.036,1,0
23.35,1,2,1.65,180,1,0,1.36,20,2,0.256,1,0
87.65,2,2,4.47,45,1,0,-0.327,6,0,0.289,2,0
157.69,1,3,9.25,66,1,0,1.148,6,0,0.268,1,0
54.91,0,0,9.79,279,1,0,-0.404,14,1,0.241,1,0
3.71,2,2,0.9,45,1,0,-0.159,21,3,0.168,0,0
109.73,0,2,1.98,241,1,0,-0.857,16,2,0.111,2,0
0.42,5,7,81.52,8,0,3,5.869,10,5,0.298,0,1
46.91,1,5,7.4,187,1,0,0.262,19,0,0.011,2,0
59.73,2,2,6.02,163,1,0,-0.623,11,6,0.05,0,0
13.25,0,3,2.76,24,1,0,0.909,15,2,0.13,2,0
22.68,1,1,1.57,245,1,0,-0.557,18,6,0.109,0,0
123.77,2,5,3.35,190,1,0,1.342,12,0,0.279,1,0
162.72,1,5,2.55,238,1,0,0.765,20,5,0.171,2,0
89.19,2,5,2.34,174,1,0,0.235,8,6,0.177,1,0
135.19,0,4,4.45,270,1,0,0.519,11,2,0.206,1,0
109.82,0,3,4.21,122,1,0,0.915,15,6,0.171,1,0
1.03,5,5,63.71,7,1,1,5.132,17,2,0.28,0,1
64.69,1,2,3.69,189,1,0,-0.473,16,1,0.103,0,0
79.97,0,3,2.48,338,1,0,0.016,8,1,0.274,0,0
133.9,0,3,4.57,197,1,0,-0.686,16,0,0.163,2,0
3.57,2,4,1.92,96,1,0,0.952,7,4,0.025,0,0
77.79,0,0,7.64,105,1,0,-0.959,6,0,0.156,0,0
7.37,0,3,0.83,35,1,0,-0.22,14,2,0.067,1,0
79.38,1,2,6.83,80,1,0,1.022,6,4,0.012,1,0
28.76,1,3,0.95,301,0,0,-0.368,6,3,0.017,2,0
162.74,1,5,8.13,276,1,0,0.839,8,6,0.133,0,0
73.63,2,6,7.19,48,1,0,1.4,13,5,0.03,1,0
1.3,4,5,27.43,8,0,3,4.489,20,3,0.707,0,1
129.31,1,1,4.05,70,1,0,-0.613,14,6,0.287,2,0
156.16,2,5,2.02,114,1,0,1.225,6,3,0.123,1,0
1.74,5,8,57.64,1,0,4,4.292,8,2,0.524,0,1
32.18,2,2,3.43,84,1,0,1.038,17,5,0.003,0,0
113.79,1,1,2.72,184,1,0,-0.34,20,3,0.167,0,0
0.56,6,6,123.7,9,1,1,5.89,6,1,0.215,0,1
3.03,2,2,3.04,271,1,0,0.208,11,1,0.093,2,0
8.9,0,1,5.69,19,1,0,-0.716,11,0,0.211,1,0
114.56,2,5,6.69,177,1,0,-0.472,19,2,0.089,0,0
84.17,0,0,2.13,82,1,0,1.01,18,3,0.069,1,0
112.08,0,0,8.92,204,1,0,-0.022,21,6,0.077,2,0
128.81,0,3,3.18,330,1,0,-0.905,17,5,0.139,2,0
166.14,0,1,9.81,96,1,0,-0.488,15,6,0.013,0,0
0.93,7,9,81.02,3,0,3,4.368,20,2,0.553,0,1
8.12,2,2,7.74,212,0,0,-0.862,17,5,0.252,2,0
30.02,2,5,1.24,301,1,0,-0.693,19,5,0.293,1,0
0.81,7,10,131.75,13,0,4,4.775,20,1,0.646,0,1
111.61,0,2,5.33,41,1,0,-0.651,10,1,0.286,1,0
65.78,0,1,5.05,98,1,0,-0.033,19,4,0.183,1,0
140.19,2,3,5.45,55,1,0,1.35,21,2,0.131,1,0
1.49,6,9,56.6,0,0,4,4.887,13,3,0.54,0,1
137.0,0,3,3.73,83,1,0,1.211,14,0,0.035,1,0
25.33,1,5,0.79,234,1,0,0.758,12,2,0.255,1,0
123.86,0,0,6.19,100,1,0,-0.475,14,3,0.165,0,0
65.0,0,0,1.21,62,1,0,0.4,13,2,0.198,0,0
122.5,1,4,6.85,58,1,0,0.884,18,2,0.135,2,0
132.36,2,2,1.55,256,1,0,1.238,9,6,0.263,2,0
1.3,6,7,27.38,11,1,4,5.274,13,3,0.955,0,1
1.99,4,4,63.35,1,1,2,3.32,19,1,0.638,0,1
24.61,0,3,1.27,183,1,0,0.346,21,2,0.088,2,0
153.58,0,3,9.75,353,1,0,0.964,21,2,0.274,1,0
63.15,2,6,3.21,232,1,0,0.336,18,5,0.069,2,0
84.9,2,2,5.6,174,1,0,0.462,9,6,0.282,1,0
1.29,6,7,101.99,11,0,2,4.032,19,1,0.926,0,1
1.05,5,7,70.28,12,1,2,3.371,17,2,0.027,0,1
108.96,2,6,6.24,103,1,0,1.174,15,6,0.204,1,0
105.48,1,5,1.02,9,1,0,0.719,6,3,0.234,1,0
1.61,6,8,143.55,5,1,4,4.868,18,3,0.139,0,1
13.87,1,1,6.62,41,1,0,-0.275,17,6,0.113,0,0
18.72,1,3,2.44,128,1,0,-0.233,15,5,0.264,2,0
0.64,4,4,121.14,4,0,4,3.597,19,5,0.842,0,1
117.29,0,2,5.81,278,1,0,1.208,14,0,0.156,2,0
69.65,1,2,0.01,360,1,0,-0.494,17,1,0.214,2,0
16.27,2,3,7.8,128,1,0,0.282,11,0,0.082,2,0
104.93,2,3,8.94,192,1,0,-0.283,10,5,0.08,2,0
90.69,0,0,5.65,119,0,0,0.508,6,6,0.209,1,0
12.36,2,6,8.27,274,1,0,0.449,19,4,0.092,2,0
1.01,6,8,141.63,2,0,1,4.287,8,5,0.203,0,1
88.21,0,0,8.84,37,1,0,1.456,18,4,0.129,2,0
112.95,2,6,4.66,32,1,0,-0.829,17,6,0.275,1,0
17.17,1,5,3.19,182,1,0,-0.562,12,4,0.138,1,0
132.7,1,3,4.58,91,1,0,0.154,18,4,0.211,0,0
93.77,1,3,1.6,14,1,0,1.053,15,5,0.206,2,0
46.13,0,1,7.4,256,0,0,1.135,9,5,0.189,1,0
86.47,2,2,0.48,282,1,0,0.764,8,4,0.023,0,0
7.88,1,5,9.18,206,1,0,1.344,13,1,0.057,1,0
138.06,0,4,6.85,292,0,0,-0.738,8,0,0.24,2,0
56.05,0,2,1.49,314,1,0,1.495,15,3,0.263,1,0
1.8,6,8,144.96,3,0,1,5.073,19,1,0.43,0,1
64.48,0,1,6.16,69,1,0,1.103,16,2,0.119,1,0
162.38,2,6,5.98,101,1,0,-0.735,15,5,0.051,0,0
167.28,2,2,3.78,355,1,0,0.444,21,1,0.0,0,0
46.21,2,4,0.54,324,1,0,1.026,7,1,0.252,1,0
34.54,2,6,3.82,165,1,0,0.39,20,6,0.263,1,0
47.19,2,3,8.66,256,1,0,1.198,13,2,0.058,2,0
100.91,2,6,4.65,100,1,0,0.681,10,5,0.015,0,0
49.71,1,5,2.9,219,1,0,0.175,12,5,0.101,2,0
114.26,1,1,1.78,195,1,0,0.485,16,1,0.148,1,0
96.58,2,2,6.74,64,1,0,0.288,10,2,0.095,2,0
1.18,5,9,31.28,11,0,2,3.975,17,0,0.094,0,1
13.97,2,2,5.29,182,1,0,-0.547,10,5,0.097,0,0
14.71,0,3,3.04,357,1,0,1.111,9,2,0.24,1,0
44.77,2,5,7.74,233,1,0,-0.348,12,1,0.128,2,0
123.05,1,4,1.89,160,1,0,-0.083,18,2,0.066,2,0
133.7,0,2,7.01,330,1,0,0.379,17,2,0.241,0,0
10.98,2,4,8.99,12,1,0,0.904,20,4,0.265,1,0
24.4,0,0,1.3,72,1,0,-0.46,15,4,0.118,0,0
61.38,1,2,8.82,301,1,0,0.85,15,5,0.098,2,0
50.42,1,5,3.21,107,1,0,-0.962,19,2,0.051,0,0
56.75,0,0,6.25,207,1,0,0.47,17,6,0.215,0,0
4.53,1,3,1.03,31,1,0,0.492,12,4,0.044,1,0
30.52,1,2,4.39,32,1,0,0.158,18,5,0.076,2,0
1.73,6,8,122.96,0,0,1,5.811,18,4,0.396,0,1
1.32,7,8,37.26,4,0,4,3.778,8,2,0.557,0,1
131.92,0,2,4.68,63,1,0,1.299,16,4,0.146,2,0
157.86,0,1,7.49,263,0,0,-0.736,7,5,0.153,1,0
0.48,5,8,108.47,0,0,1,5.389,11,0,0.04,0,1
96.34,0,0,6.12,359,1,0,1.494,13,4,0.065,2,0
65.8,2,4,2.81,23,1,0,0.793,12,2,0.031,0,0
4.58,1,5,5.45,146,1,0,-0.114,9,2,0.136,1,0
34.58,0,0,2.58,293,1,0,0.383,7,4,0.166,1,0
104.49,2,6,9.56,213,1,0,1.154,19,4,0.144,0,0
8.33,2,6,8.06,215,1,0,1.225,14,5,0.263,1,0
94.15,2,5,7.87,303,1,0,-0.868,21,5,0.127,1,0
38.32,2,2,3.2,40,1,0,0.404,10,0,0.071,2,0
37.68,1,2,2.53,243,1,0,-0.853,6,1,0.101,0,0
131.9,2,3,8.99,315,1,0,0.043,8,2,0.276,0,0
50.92,1,3,1.5,146,1,0,0.639,9,1,0.1,0,0
109.12,2,5,6.56,344,1,0,-0.774,21,5,0.245,0,0
69.62,0,3,3.33,159,1,0,-0.907,16,6,0.214,0,0
82.42,0,3,7.59,14,1,0,1.11,8,4,0.202,2,0
107.67,0,1,3.12,254,1,0,-0.36,11,3,0.22,1,0
68.97,0,3,5.93,322,1,0,0.602,6,1,0.024,2,0
0.46,5,8,116.88,10,0,2,5.435,21,2,0.776,0,1
56.02,2,5,6.5,324,1,0,1.194,12,2,0.228,1,0
47.17,2,5,2.49,224,1,0,0.411,18,1,0.113,1,0
51.47,1,3,3.76,114,1,0,-0.838,8,0,0.047,0,0
82.97,2,2,5.46,85,1,0,1.353,16,4,0.151,1,0
0.74,4,8,121.01,7,0,2,5.745,10,3,0.728,0,1
155.21,1,5,3.12,123,1,0,0.577,9,5,0.113,1,0
93.76,1,3,8.43,195,1,0,-0.14,14,4,0.117,2,0
56.48,2,3,0.28,188,1,0,0.461,20,0,0.152,2,0
1.0,5,9,28.05,5,0,1,4.541,10,4,0.43,0,1
0.33,4,7,80.12,13,1,3,5.456,18,1,0.582,0,1
0.95,4,4,112.86,12,0,1,5.519,13,4,0.542,0,1
0.77,7,10,67.07,7,1,3,4.141,19,0,0.413,0,1
65.54,1,1,7.53,66,1,0,0.105,19,4,0.291,0,0
0.24,7,11,95.01,3,1,4,5.986,13,4,0.548,0,1
0.12,7,9,67.12,11,1,3,2.727,6,6,0.509,0,1
73.91,2,4,2.45,108,1,0,0.33,11,0,0.28,0,0
36.09,0,4,6.55,243,1,0,-0.942,12,4,0.126,1,0
123.54,0,2,9.79,25,1,0,-0.299,15,2,0.227,2,0
23.61,2,5,4.2,339,1,0,-0.966,11,6,0.147,2,0
14.43,0,3,0.58,133,1,0,-0.194,17,4,0.11,0,0
161.2,1,1,8.76,297,1,0,0.985,9,1,0.088,1,0
104.74,1,2,5.83,147,1,0,1.274,6,0,0.165,0,0
86.62,2,2,1.2,316,0,0,-0.74,14,6,0.194,2,0
109.63,0,4,2.94,272,1,0,0.973,6,1,0.026,0,0
66.41,1,2,0.17,332,1,0,0.259,10,1,0.249,2,0
135.96,2,6,6.6,190,1,0,0.249,9,2,0.182,2,0
163.59,0,1,1.34,312,1,0,0.221,9,2,0.07,1,0
66.73,1,1,7.21,42,1,0,0.371,14,3,0.194,0,0
67.23,2,4,3.81,184,1,0,0.299,17,0,0.08,0,0
114.42,1,2,0.22,274,1,0,0.979,16,4,0.095,2,0
100.46,0,2,5.36,142,1,0,-0.831,12,3,0.104,0,0
87.4,0,2,6.63,117,1,0,1.211,8,4,0.214,0,0
18.23,1,5,3.98,90,1,0,-0.677,19,4,0.001,1,0
28.81,1,3,6.03,170,1,0,-0.095,21,3,0.036,0,0
47.34,2,4,1.35,304,1,0,-0.014,13,0,0.224,1,0
133.54,0,0,5.41,344,1,0,0.245,17,0,0.186,2,0
143.26,0,4,8.37,125,0,0,1.301,15,2,0.033,2,0
105.97,1,3,8.23,10,1,0,-0.226,18,4,0.122,0,0
16.4,2,2,2.04,245,1,0,0.892,17,6,0.115,2,0
151.08,2,5,4.9,28,1,0,0.423,20,1,0.189,1,0
71.67,1,4,8.05,138,1,0,1.29,12,2,0.05,2,0
83.11,1,5,2.49,129,1,0,-0.238,21,5,0.16,1,0
119.09,0,0,4.23,152,0,0,0.912,12,2,0.076,0,0
107.23,1,2,4.64,255,1,0,-0.061,18,3,0.163,1,0
159.63,2,4,7.29,224,1,0,1.196,21,2,0.019,0,0
17.42,0,2,2.78,182,1,0,0.574,9,3,0.148,2,0
122.72,1,2,3.83,224,1,0,0.588,7,0,0.134,0,0
42.31,0,0,8.64,155,1,0,-0.762,10,5,0.191,1,0
108.59,1,1,5.77,104,1,0,0.772,14,5,0.049,2,0
123.81,0,3,2.62,103,1,0,-0.234,13,4,0.023,0,0
1.35,5,5,49.34,12,1,3,5.119,13,1,0.85,0,1
34.94,1,4,6.67,329,1,0,-0.545,19,5,0.067,0,0
153.69,1,2,3.36,211,1,0,-0.225,12,6,0.03,0,0
0.38,7,11,108.65,3,0,4,5.649,12,4,0.833,0,1
1.67,4,5,51.13,0,0,4,3.655,16,1,0.637,0,1
71.05,2,2,4.59,93,1,0,-0.843,21,6,0.07,2,0
61.01,1,1,9.71,277,1,0,-0.939,8,3,0.275,0,0
29.08,0,3,6.32,316,1,0,1.3,15,4,0.108,2,0
89.63,0,4,0.2,308,1,0,0.971,13,2,0.223,1,0
108.21,2,6,2.22,169,1,0,0.434,21,0,0.04,2,0
132.26,1,1,5.31,142,1,0,-0.031,14,6,0.07,2,0
25.51,2,3,1.26,298,1,0,1.499,20,6,0.141,1,0
139.48,1,5,5.73,243,1,0,1.081,19,4,0.032,2,0
43.01,2,4,5.49,55,1,0,0.325,9,6,0.018,2,0
68.48,1,4,7.22,175,1,0,0.275,14,3,0.226,2,0
69.5,0,0,1.82,88,1,0,0.197,7,6,0.25,2,0
124.07,2,4,7.68,117,1,0,-0.724,15,6,0.017,0,0
38.88,1,5,6.6,201,1,0,1.092,7,3,0.203,0,0
1.69,5,8,99.82,4,0,1,2.884,18,3,0.066,0,1
92.86,1,2,0.62,295,1,0,-0.125,13,2,0.277,0,0
157.16,2,3,9.57,215,1,0,-0.87,9,3,0.236,2,0
156.58,2,3,8.27,210,1,0,-0.166,11,4,0.061,1,0
65.54,2,6,0.58,105,1,0,0.942,10,1,0.099,2,0
7.75,2,3,9.99,191,1,0,1.399,13,4,0.146,1,0
108.37,2,6,7.24,93,1,0,0.514,6,1,0.133,0,0
58.56,2,4,6.57,163,1,0,0.363,19,3,0.098,1,0
149.34,0,3,4.0,221,1,0,0.241,6,4,0.221,0,0
145.99,1,5,8.53,9,1,0,-0.216,11,4,0.015,2,0
109.77,0,1,4.36,297,1,0,1.056,16,0,0.271,0,0
80.2,0,1,6.72,62,1,0,-0.748,16,3,0.252,1,0
131.69,1,3,9.01,298,1,0,-0.831,16,5,0.179,2,0
130.62,2,3,4.69,199,1,0,-0.995,16,0,0.171,0,0
0.19,5,9,130.49,2,0,1,4.022,8,6,0.054,0,1
162.99,2,2,3.97,250,1,0,-0.643,14,5,0.249,2,0
89.49,0,0,1.56,150,1,0,0.243,15,6,0.199,2,0
70.64,1,1,2.06,319,1,0,0.85,10,2,0.137,1,0
155.48,0,1,6.72,203,0,0,-0.571,14,2,0.217,0,0
35.64,1,1,6.2,227,1,0,1.317,15,1,0.215,0,0
59.82,2,6,1.42,155,1,0,-0.423,10,5,0.021,1,0
166.78,2,2,1.74,245,1,0,0.293,16,1,0.217,0,0
158.43,1,4,8.54,16,1,0,-0.951,8,6,0.137,2,0
131.72,2,6,3.43,13,1,0,-0.754,14,4,0.299,0,0
66.38,2,3,7.67,162,1,0,1.239,8,0,0.154,1,0
95.09,2,4,6.55,77,1,0,0.917,17,2,0.158,1,0
33.02,2,6,0.24,22,1,0,-0.946,19,4,0.04,1,0
1.82,5,7,111.33,11,0,4,4.939,18,3,0.083,0,1
26.78,1,1,7.31,198,1,0,-0.268,11,2,0.161,0,0
1.28,5,5,78.36,4,1,3,4.908,18,6,0.994,0,1
153.75,0,1,7.46,79,1,0,0.346,6,3,0.045,0,0
87.53,2,4,3.43,335,1,0,1.209,16,5,0.007,0,0
11.28,2,4,4.73,94,1,0,0.889,13,1,0.215,2,0
87.95,0,0,2.27,266,1,0,0.972,6,3,0.254,2,0
108.88,0,0,1.38,90,1,0,0.67,15,1,0.029,0,0
136.53,0,2,2.01,361,1,0,1.261,7,5,0.291,0,0
48.18,0,3,5.76,289,1,0,0.645,11,1,0.185,1,0
42.78,1,3,6.49,182,1,0,1.052,7,5,0.037,2,0
78.62,2,6,1.94,237,1,0,1.2,19,3,0.16,1,0
22.26,1,1,4.83,69,1,0,-0.358,20,4,0.145,2,0
167.94,2,4,8.45,136,1,0,0.692,8,4,0.227,2,0
139.76,1,2,0.4,319,1,0,0.848,6,4,0.233,0,0
1.31,7,9,50.03,5,0,3,5.028,8,5,0.601,0,1
63.26,2,2,5.9,108,1,0,-0.969,18,1,0.02,1,0
0.4,5,8,23.21,5,0,1,2.703,21,5,0.674,0,1
123.11,2,5,2.48,165,1,0,0.587,6,1,0.058,2,0
81.86,1,3,4.3,69,1,0,0.117,11,1,0.082,1,0
60.08,0,0,5.33,41,1,0,1.152,16,0,0.054,2,0
74.97,1,2,5.11,139,1,0,-0.708,13,6,0.118,2,0
129.97,2,2,0.77,75,1,0,-0.383,21,3,0.244,1,0
131.33,0,4,9.68,139,1,0,0.192,8,5,0.128,1,0
99.4,2,4,3.24,335,1,0,-0.176,16,1,0.263,1,0
58.69,1,2,4.43,133,1,0,-0.434,13,1,0.013,2,0
67.84,2,2,5.29,245,1,0,-0.733,9,1,0.105,1,0
0.38,5,5,139.67,3,0,3,5.67,6,0,0.084,0,1
85.02,2,6,8.38,356,0,0,-0.417,20,1,0.057,1,0
0.34,4,7,136.47,13,1,4,2.565,18,1,0.264,0,1
102.88,2,3,0.39,78,1,0,-0.491,13,1,0.129,2,0
61.06,1,5,8.63,22,1,0,0.839,19,2,0.183,2,0
36.09,1,4,2.76,357,1,0,-0.697,21,3,0.144,1,0
126.89,2,4,3.73,243,1,0,1.029,21,2,0.182,0,0
22.72,2,5,7.36,93,1,0,-0.378,7,4,0.031,2,0
17.44,2,2,3.29,58,1,0,-0.02,8,5,0.181,1,0
150.49,0,0,9.8,158,1,0,-0.827,6,3,0.039,2,0
34.82,0,3,5.55,318,1,0,0.25,21,3,0.269,1,0
123.34,0,0,1.27,187,1,0,0.436,12,0,0.164,2,0
10.21,0,0,0.94,186,1,0,-0.633,18,6,0.283,1,0
42.99,0,2,9.67,354,1,0,-0.008,8,1,0.138,2,0
1.0,6,8,109.43,4,1,3,3.084,16,6,0.649,0,1
72.26,1,2,1.22,258,1,0,-0.961,21,5,0.035,0,0
32.74,2,3,3.97,207,1,0,1.041,6,4,0.057,1,0
26.68,0,2,4.19,352,1,0,1.308,9,4,0.143,0,0
17.47,1,1,0.79,273,1,0,-0.051,9,3,0.065,2,0
150.16,2,6,9.76,110,1,0,0.339,10,2,0.242,0,0
89.64,2,2,3.61,293,1,0,0.016,13,4,0.186,0,0
41.68,2,6,7.41,96,0,0,0.509,13,5,0.24,1,0
116.47,0,4,4.9,315,1,0,-0.65,17,1,0.046,2,0
133.63,1,5,9.51,231,1,0,-0.577,10,2,0.233,2,0
96.44,1,4,9.93,240,1,0,-0.605,18,6,0.022,0,0
80.38,2,3,3.62,232,1,0,0.48,13,0,0.057,1,0
1.63,4,7,146.83,0,0,4,3.736,19,4,0.497,0,1
135.24,2,3,7.02,112,1,0,0.789,20,6,0.097,2,0
34.78,0,4,0.82,188,1,0,0.786,19,6,0.172,1,0
42.87,1,3,6.74,36,1,0,0.836,16,2,0.212,1,0
104.0,2,4,4.99,22,1,0,-0.465,16,5,0.256,0,0
29.29,0,1,5.01,288,1,0,-0.788,20,0,0.172,1,0
13.04,1,3,1.47,300,1,0,1.07,14,5,0.164,2,0
155.79,0,3,2.16,199,1,0,1.21,17,5,0.254,0,0
86.41,2,2,5.28,227,1,0,0.414,17,4,0.29,2,0
7.99,0,1,1.83,62,1,0,-0.812,17,2,0.207,1,0
1.28,7,10,39.28,6,0,1,5.332,15,1,0.489,0,1
85.31,0,2,2.77,281,1,0,0.812,13,2,0.176,0,0
118.49,2,4,6.07,309,1,0,0.817,19,5,0.114,1,0
41.15,2,5,7.94,216,1,0,0.189,10,0,0.15,0,0
0.26,7,8,41.3,0,0,2,4.646,6,1,0.188,0,1
0.48,7,7,91.39,1,0,1,2.628,20,3,0.79,0,1
16.36,1,1,3.04,65,1,0,0.936,19,5,0.293,2,0
51.72,1,2,7.12,323,1,0,0.612,11,6,0.069,1,0
1.45,5,9,110.6,6,0,2,4.305,20,2,0.42,0,1
166.14,1,2,7.05,280,1,0,-0.847,19,6,0.253,1,0
1.99,6,7,111.54,8,0,3,5.778,9,3,0.105,0,1
33.4,0,1,5.3,136,1,0,-0.022,17,5,0.034,0,0
121.44,0,2,6.18,106,1,0,1.136,14,4,0.272,1,0
53.37,0,3,5.58,87,1,0,-0.591,15,2,0.029,2,0
115.28,2,6,1.65,285,1,0,0.384,15,4,0.112,2,0
120.06,1,2,5.81,127,1,0,1.482,12,1,0.054,0,0
89.98,1,2,9.36,322,1,0,-0.665,7,5,0.144,2,0
123.89,2,6,3.57,79,1,0,0.896,9,2,0.048,2,0
100.97,1,4,2.76,175,1,0,0.643,11,0,0.092,1,0
71.78,2,5,1.51,261,1,0,0.916,8,1,0.245,2,0
166.77,2,2,0.08,308,1,0,0.247,6,3,0.299,2,0
130.28,0,4,6.45,34,1,0,1.068,9,2,0.102,1,0
72.65,0,4,6.7,221,1,0,0.283,12,1,0.167,0,0
99.73,2,2,4.91,209,1,0,0.276,12,4,0.24,2,0
55.78,2,6,5.17,326,1,0,0.183,14,4,0.224,0,0
14.49,0,0,9.23,153,1,0,-0.547,13,2,0.232,2,0
59.71,0,2,6.03,327,1,0,-0.466,19,3,0.23,1,0
54.23,0,1,6.69,133,1,0,0.446,12,3,0.2,0,0
144.9,2,6,8.14,172,1,0,1.393,11,5,0.289,0,0
108.55,2,4,3.73,39,1,0,0.9,10,6,0.284,1,0
122.76,2,2,7.06,142,1,0,-0.692,21,5,0.014,0,0
91.5,0,1,0.87,341,1,0,-0.011,11,3,0.209,0,0
160.61,2,5,6.67,169,1,0,-0.245,14,1,0.127,1,0
23.68,0,4,9.57,328,1,0,1.271,7,4,0.017,0,0
0.2,7,11,48.67,0,1,1,3.702,9,0,0.333,0,1
60.7,2,4,2.62,315,1,0,-0.916,12,5,0.093,2,0
1.47,5,7,68.26,4,1,3,4.343,7,4,0.628,0,1
146.4,0,1,9.03,276,1,0,0.241,20,5,0.018,0,0
37.34,2,2,9.35,281,1,0,0.998,8,0,0.278,1,0
142.56,1,5,7.65,170,1,0,-0.622,11,0,0.158,2,0
3.93,0,0,8.59,11,1,0,-0.057,17,2,0.294,1,0
85.52,0,2,3.28,200,1,0,0.31,16,6,0.051,2,0
161.24,1,1,3.82,83,1,0,1.449,9,0,0.263,0,0
94.46,0,2,1.93,62,1,0,0.505,21,0,0.236,1,0
1.4,7,9,130.52,9,0,4,5.529,14,1,0.343,0,1
22.92,0,2,7.24,347,0,0,1.332,9,1,0.158,0,0
28.27,2,6,3.09,290,1,0,-0.677,6,6,0.021,2,0
167.11,2,2,5.06,308,1,0,1.403,19,3,0.243,1,0
59.47,0,2,0.7,321,1,0,0.119,21,0,0.113,0,0
1.05,6,10,60.41,6,0,4,3.408,17,5,0.22,0,1
153.9,2,2,0.73,361,0,0,0.311,15,3,0.213,1,0
1.42,6,6,99.97,5,0,3,5.136,7,6,0.04,0,1
3.23,0,4,4.13,73,1,0,0.763,14,2,0.094,2,0
116.02,0,2,9.51,48,1,0,0.722,15,1,0.084,2,0
142.46,0,1,3.42,49,1,0,1.449,17,6,0.238,2,0
47.36,0,4,9.72,259,1,0,-0.471,16,5,0.199,1,0
141.28,0,1,2.95,264,1,0,0.586,13,2,0.174,0,0
56.73,2,4,5.72,297,1,0,0.717,15,3,0.02,1,0
77.79,0,4,8.5,29,1,0,-0.515,6,4,0.016,0,0
33.28,0,4,7.27,190,1,0,0.99,14,4,0.262,2,0
140.84,1,3,5.72,332,1,0,-0.379,14,3,0.172,0,0
143.29,2,2,9.29,73,1,0,1.254,6,0,0.07,2,0
129.14,2,6,0.61,111,1,0,-0.493,21,2,0.223,2,0
154.92,2,3,6.04,47,1,0,0.537,10,3,0.222,0,0
32.52,2,5,6.21,335,1,0,0.406,14,1,0.066,0,0
0.86,7,11,115.32,1,0,1,5.106,8,6,0.889,0,1
49.34,0,0,5.14,117,1,0,0.889,18,4,0.021,2,0
146.61,2,3,9.17,356,1,0,-0.583,7,0,0.03,0,0
135.41,0,4,9.27,308,1,0,0.464,14,0,0.04,2,0
1.05,7,8,130.47,5,0,1,4.724,18,6,0.472,0,1
8.21,1,4,1.2,111,0,0,-0.772,6,0,0.195,2,0
1.93,5,9,108.12,10,0,2,4.663,13,2,0.603,0,1
112.15,1,4,4.61,186,1,0,0.746,11,2,0.242,1,0
2.89,1,3,1.37,234,1,0,-0.714,12,5,0.263,2,0
15.9,0,1,0.1,260,1,0,-0.339,12,4,0.237,0,0
41.85,2,6,6.99,345,1,0,-0.921,19,5,0.167,1,0
84.36,1,5,5.08,356,1,0,-0.836,8,5,0.044,2,0
160.3,0,3,6.3,123,1,0,1.165,20,6,0.299,0,0
132.97,0,2,3.75,112,1,0,1.452,15,0,0.145,2,0
6.08,1,3,0.11,268,1,0,-0.906,17,5,0.242,1,0
119.9,1,1,0.25,151,1,0,-0.263,18,5,0.113,1,0
2.68,2,6,4.73,8,1,0,-0.216,10,0,0.149,1,0
124.71,0,4,1.45,19,1,0,-0.242,13,2,0.106,0,0
70.84,1,5,10.0,140,1,0,0.927,10,6,0.263,1,0
150.76,2,3,5.16,203,1,0,0.943,15,1,0.149,1,0
73.03,0,4,0.73,122,1,0,0.735,20,3,0.059,2,0
88.53,2,4,7.25,185,1,0,-0.693,12,4,0.131,1,0
38.95,1,2,4.61,129,1,0,-0.197,18,5,0.171,2,0
56.08,0,0,3.29,343,0,0,0.893,10,2,0.228,0,0
44.49,2,2,1.62,178,1,0,-0.508,9,1,0.047,2,0
96.18,2,2,7.83,40,1,0,0.637,14,4,0.146,2,0
15.21,2,4,7.25,248,1,0,0.425,20,3,0.042,1,0
58.07,2,3,6.87,238,1,0,0.915,8,3,0.184,2,0
83.74,0,3,7.71,170,1,0,0.281,6,6,0.191,2,0
58.69,0,2,1.69,100,1,0,1.459,9,6,0.121,2,0
31.2,0,3,9.83,275,1,0,0.445,20,4,0.012,0,0
5.09,1,4,7.73,290,1,0,-0.586,10,0,0.17,0,0
77.66,2,4,6.37,215,1,0,0.025,7,3,0.12,0,0
157.51,2,3,6.22,20,1,0,0.466,11,5,0.298,1,0
47.1,0,1,5.5,79,0,0,1.117,12,5,0.277,0,0
100.18,1,5,4.06,166,1,0,1.4,18,4,0.183,1,0
13.57,1,4,2.4,65,1,0,-0.315,15,2,0.286,2,0
73.6,1,5,8.52,69,1,0,-0.089,18,5,0.247,0,0
119.16,1,3,1.46,43,1,0,1.359,15,3,0.233,1,0
29.07,1,4,7.02,7,0,0,-0.742,7,0,0.092,2,0
140.03,2,3,4.55,193,1,0,-0.841,17,3,0.083,1,0
108.82,2,4,0.16,79,1,0,-0.76,13,1,0.29,2,0
61.16,1,2,9.43,186,1,0,-0.873,9,6,0.011,2,0
104.54,2,6,2.78,223,1,0,0.874,13,4,0.028,2,0
137.26,2,6,4.81,235,1,0,-0.946,11,4,0.203,1,0
84.85,0,4,3.01,147,1,0,-0.864,17,6,0.141,1,0
132.03,0,0,5.54,84,1,0,1.409,13,5,0.071,0,0
100.4,2,5,9.6,256,1,0,-0.17,7,2,0.105,1,0
152.92,2,5,5.84,78,1,0,1.027,8,2,0.273,2,0
1.68,6,9,126.92,6,0,4,5.355,10,4,0.515,0,1
1.48,4,5,113.29,11,0,3,5.635,16,2,0.447,0,1
0.46,5,8,122.71,13,1,2,3.098,14,0,0.194,0,1
133.86,1,4,5.71,297,1,0,0.073,6,4,0.081,2,0
96.33,2,2,2.29,33,1,0,-0.148,13,2,0.232,2,0
115.01,0,0,3.86,174,1,0,0.647,7,6,0.138,2,0
1.33,6,10,80.54,11,1,4,3.564,8,4,0.036,0,1
156.7,1,5,6.93,41,0,0,0.628,19,6,0.075,1,0
61.68,1,1,2.85,242,1,0,0.608,10,1,0.034,1,0
140.68,2,3,2.04,238,1,0,0.279,11,4,0.222,0,0
96.64,2,2,3.38,336,1,0,-0.753,16,3,0.104,0,0
131.86,0,0,1.47,219,1,0,-0.016,15,0,0.068,1,0
69.38,2,2,0.74,273,1,0,-0.091,21,4,0.267,1,0
99.29,1,3,4.36,195,1,0,0.649,14,4,0.134,0,0
123.12,2,5,4.2,70,1,0,-0.914,9,2,0.106,1,0
12.2,2,2,3.61,223,1,0,-0.581,6,1,0.269,1,0
1.46,5,5,132.43,2,0,3,4.5,11,6,0.04,0,1
81.57,1,4,3.12,212,1,0,0.972,21,4,0.076,1,0
0.52,7,11,88.11,5,0,1,5.16,21,1,0.148,0,1
127.96,0,0,2.54,66,1,0,0.87,8,3,0.148,1,0
44.69,2,4,8.97,336,1,0,-0.78,19,5,0.06,0,0
109.13,0,1,3.8,238,1,0,0.099,7,2,0.06,2,0
43.96,0,2,5.92,362,1,0,-0.771,11,3,0.24,1,0
154.27,0,0,4.21,317,1,0,-0.579,14,4,0.193,1,0
155.18,2,4,1.81,363,1,0,0.276,20,3,0.264,0,0
163.61,0,3,0.97,239,1,0,1.163,6,3,0.266,0,0
53.49,0,1,9.31,221,1,0,0.009,20,1,0.139,2,0
47.23,1,1,3.27,352,1,0,1.318,11,6,0.208,2,0
42.85,1,5,9.79,81,1,0,1.043,20,6,0.021,0,0
96.21,2,5,8.18,196,1,0,0.899,11,4,0.116,1,0
99.26,2,2,8.56,354,1,0,0.6,9,3,0.102,1,0
118.27,2,3,4.32,78,1,0,0.155,9,3,0.036,2,0
93.51,0,4,3.23,36,0,0,0.493,9,6,0.23,2,0
5.92,2,4,1.73,145,1,0,0.963,6,3,0.28,2,0
92.69,2,2,1.29,221,1,0,-0.161,15,0,0.192,2,0
145.52,2,3,2.6,49,1,0,0.138,7,0,0.01,2,0
89.17,0,1,5.81,334,1,0,0.435,10,6,0.16,2,0
44.22,0,2,9.4,34,1,0,0.78,17,0,0.273,1,0
156.44,0,1,1.44,281,1,0,0.531,6,3,0.211,2,0
116.74,2,4,2.01,241,1,0,-0.334,15,2,0.016,0,0
0.29,7,7,58.99,6,0,1,5.339,13,5,0.713,0,1
53.27,1,4,3.21,312,1,0,1.055,12,2,0.085,1,0
114.17,2,2,4.58,287,1,0,1.014,10,1,0.044,0,0
0.94,6,8,53.46,7,0,4,3.042,11,3,0.698,0,1
65.93,0,1,9.28,259,1,0,-0.314,18,2,0.296,0,0
26.94,0,4,1.08,174,1,0,0.533,16,6,0.262,2,0
62.23,2,3,0.36,322,1,0,1.461,21,3,0.114,2,0
0.64,7,7,38.06,9,1,2,2.617,20,1,0.928,0,1
1.71,7,9,107.61,11,1,1,5.014,18,5,0.683,0,1
104.18,0,1,3.14,351,1,0,-0.826,16,5,0.228,1,0
23.94,0,1,8.64,83,1,0,-0.577,10,3,0.049,0,0
18.02,0,3,5.91,86,1,0,0.654,8,1,0.25,1,0
42.41,1,5,2.87,52,1,0,-0.494,16,5,0.047,2,0
145.16,2,5,6.51,333,1,0,0.322,7,2,0.169,0,0
129.05,0,4,7.81,116,1,0,-0.979,17,1,0.01,2,0
103.71,0,0,5.44,20,1,0,-0.457,11,2,0.221,0,0
0.53,7,7,139.25,3,0,2,3.696,9,3,0.843,0,1
145.48,2,2,8.14,197,1,0,-0.649,8,5,0.043,0,0
49.51,0,1,9.79,311,1,0,0.122,9,6,0.176,1,0
56.13,2,5,0.96,213,1,0,1.067,9,5,0.136,1,0
38.04,2,2,1.46,68,1,0,0.187,12,6,0.155,0,0
128.38,2,6,7.34,250,1,0,0.802,18,1,0.233,2,0
32.38,2,6,2.69,334,1,0,1.282,10,0,0.08,1,0
57.86,2,5,1.29,8,1,0,-0.131,6,4,0.257,1,0
56.44,2,5,2.89,263,1,0,-0.928,16,6,0.027,0,0
30.84,2,2,6.73,195,0,0,-0.771,21,3,0.123,0,0
58.94,2,6,9.93,313,1,0,0.021,20,4,0.061,0,0
0.34,6,6,47.39,13,0,3,2.651,13,0,0.8,0,1
21.82,1,4,6.97,149,1,0,0.648,18,5,0.173,1,0
92.99,0,0,1.82,230,1,0,0.064,11,4,0.18,2,0
98.82,2,2,1.64,107,1,0,0.797,18,1,0.12,0,0
102.42,0,2,9.42,302,1,0,-0.028,10,0,0.09,2,0
1.16,5,7,25.65,3,0,3,3.857,10,0,0.481,0,1
27.85,1,3,8.05,35,1,0,0.898,18,1,0.219,1,0
163.87,0,1,9.83,17,1,0,0.048,8,3,0.153,1,0
56.21,1,5,0.42,109,1,0,0.725,14,3,0.209,0,0
1.91,4,5,96.44,2,0,4,4.539,8,0,0.669,0,1
145.06,2,4,4.41,177,1,0,1.005,13,6,0.177,2,0
151.31,0,2,7.57,178,1,0,-0.819,18,1,0.116,2,0
108.41,1,1,0.84,262,1,0,-0.15,6,4,0.063,0,0
8.75,0,4,9.12,8,1,0,0.072,10,4,0.275,0,0
84.64,2,4,5.26,249,1,0,0.922,21,0,0.041,2,0
166.17,2,5,2.44,214,1,0,0.176,12,2,0.084,0,0
0.51,5,6,116.93,11,1,4,2.82,11,1,0.306,0,1
94.39,0,4,1.98,16,1,0,1.156,15,1,0.162,1,0
0.41,6,10,35.6,5,0,3,3.615,11,4,0.242,0,1
45.3,0,0,9.8,173,1,0,0.183,18,1,0.106,0,0
80.48,0,3,4.67,20,1,0,-0.893,15,2,0.113,2,0
0.92,7,9,85.38,6,0,2,3.103,21,5,0.598,0,1
1.53,7,7,71.17,1,0,3,5.028,13,3,0.191,0,1
139.8,0,4,6.34,207,1,0,0.569,7,5,0.284,1,0
74.75,2,4,4.06,238,1,0,-0.603,7,0,0.136,1,0
154.64,1,1,8.6,138,1,0,0.587,8,4,0.115,2,0
17.91,0,2,5.36,296,1,0,0.409,16,0,0.237,0,0
116.19,2,2,0.16,350,1,0,-0.42,14,2,0.166,0,0
32.52,2,3,6.12,176,1,0,0.663,16,2,0.05,1,0
52.27,0,2,8.23,159,1,0,-0.738,9,1,0.05,1,0
9.64,0,0,7.71,257,1,0,0.84,20,1,0.137,0,0
64.25,1,4,9.67,171,1,0,1.424,16,2,0.122,1,0
128.59,2,5,8.03,308,1,0,0.528,12,1,0.263,1,0
48.9,0,0,8.0,334,1,0,0.788,13,1,0.157,1,0
41.83,1,1,2.04,10,1,0,1.468,16,2,0.09,2,0
97.74,1,5,8.48,90,1,0,-0.728,16,0,0.085,0,0
6.4,1,2,4.94,116,1,0,0.953,21,5,0.104,1,0
104.13,1,1,7.17,87,1,0,-0.225,12,3,0.191,2,0
137.12,1,2,6.56,182,1,0,-0.233,10,0,0.157,0,0
68.87,2,2,6.37,96,1,0,-0.223,6,6,0.039,2,0
13.79,1,1,0.48,322,1,0,-0.791,13,6,0.152,0,0
162.12,0,4,2.38,31,1,0,1.398,18,1,0.193,1,0
131.01,1,5,9.99,260,1,0,-0.771,11,1,0.117,1,0
0.66,4,7,97.27,7,1,4,4.228,14,6,0.641,0,1
8.95,1,5,9.48,174,1,0,-0.275,18,5,0.186,1,0
1.09,7,8,71.72,11,0,2,5.551,12,5,0.626,0,1
164.58,1,4,0.08,268,1,0,-0.973,11,6,0.161,1,0
9.6,2,6,7.48,309,1,0,0.705,8,1,0.116,0,0
49.15,0,1,8.32,40,1,0,0.349,13,5,0.251,2,0
102.74,1,4,1.98,212,1,0,0.944,6,1,0.244,0,0
157.24,2,5,5.92,107,1,0,0.842,8,2,0.132,0,0
26.68,1,4,7.69,296,0,0,0.94,12,3,0.029,0,0
19.03,0,0,2.21,354,1,0,-0.841,8,3,0.076,2,0
98.33,0,4,8.57,284,0,0,0.601,18,4,0.242,1,0
26.61,2,5,5.88,92,1,0,0.397,19,1,0.129,1,0
0.39,4,4,58.38,5,0,3,2.775,7,0,0.869,0,1
88.14,1,2,7.32,31,1,0,0.931,15,4,0.176,1,0
121.21,2,4,4.11,258,1,0,0.624,12,5,0.286,2,0
35.47,0,1,9.29,147,1,0,0.131,20,4,0.118,1,0
154.92,2,2,8.39,93,1,0,-0.916,7,1,0.174,1,0
75.79,2,5,0.56,136,1,0,0.421,21,6,0.113,2,0
67.91,1,3,0.76,179,1,0,0.51,20,2,0.052,0,0
14.43,2,4,2.23,276,1,0,-0.754,11,3,0.138,0,0
77.66,1,2,3.63,214,1,0,0.294,17,1,0.016,0,0
1.48,4,8,77.96,4,0,2,4.773,19,1,0.969,0,1
6.92,2,2,0.89,34,0,0,1.014,12,4,0.214,1,0
1.17,6,10,110.37,1,0,3,3.715,16,4,0.579,0,1
32.77,1,4,0.2,52,1,0,-0.989,15,6,0.144,2,0
1.4,6,7,108.83,0,0,2,2.696,19,3,0.194,0,1
33.64,0,3,4.63,310,1,0,-0.926,16,1,0.289,0,0
68.78,0,2,4.39,330,1,0,1.493,11,5,0.214,2,0
13.17,2,2,7.72,216,1,0,0.647,17,6,0.196,2,0
0.1,6,6,22.47,11,0,2,4.029,17,3,0.348,0,1
45.44,1,4,4.93,162,1,0,0.553,20,4,0.04,0,0
131.46,1,2,6.11,319,1,0,-0.655,8,6,0.141,1,0
1.21,4,7,142.61,12,1,3,5.347,9,2,0.116,0,1
93.4,1,5,3.77,245,1,0,-0.512,14,3,0.259,0,0
152.75,2,6,6.37,31,1,0,1.108,18,2,0.19,0,0
102.51,1,1,8.92,351,0,0,0.056,10,2,0.144,0,0
63.9,0,2,9.32,73,1,0,-0.514,18,3,0.233,1,0
80.46,2,2,0.59,292,1,0,0.271,20,6,0.265,0,0
144.82,0,0,9.42,153,0,0,0.791,19,2,0.092,1,0
156.72,0,4,8.47,357,1,0,-0.945,15,6,0.008,0,0
0.53,5,6,84.77,12,0,4,4.747,20,6,0.159,0,1
20.76,1,1,5.7,109,1,0,-0.133,16,5,0.066,2,0
111.65,2,6,0.88,326,1,0,1.327,11,0,0.114,0,0
1.79,5,9,128.81,2,0,4,3.854,18,2,0.939,0,1
111.45,2,6,2.64,333,1,0,-0.313,12,6,0.176,2,0
93.27,2,2,0.74,192,1,0,-0.744,12,0,0.019,0,0
1.47,4,7,33.18,12,1,2,4.198,10,4,0.333,0,1
58.74,0,1,5.26,341,1,0,-0.772,17,1,0.183,1,0
104.98,0,2,3.11,115,1,0,0.937,19,6,0.123,0,0
1.9,5,8,62.64,13,1,4,2.792,11,5,0.93,0,1
61.5,2,3,8.04,243,1,0,1.437,17,3,0.029,0,0
136.11,2,4,4.15,35,1,0,-0.011,21,1,0.258,0,0
1.25,4,5,26.4,6,0,2,4.371,9,4,0.866,0,1
10.48,0,4,4.54,113,1,0,0.754,18,2,0.034,1,0
1.1,4,4,88.87,5,0,4,2.916,6,0,0.295,0,1
0.22,5,5,122.89,6,1,3,2.934,18,3,0.986,0,1
131.76,1,4,9.85,254,1,0,-0.654,15,3,0.112,0,0
151.17,0,1,3.08,90,1,0,-0.687,13,2,0.113,2,0
17.49,0,1,0.79,362,1,0,0.588,21,6,0.176,2,0
137.65,1,2,5.66,304,1,0,-0.661,12,5,0.257,1,0
72.86,0,2,7.37,148,1,0,-0.571,20,5,0.044,1,0
0.46,6,9,33.19,5,1,4,4.267,8,6,0.865,0,1
1.39,7,9,92.23,6,1,4,3.146,10,6,0.503,0,1
145.91,0,1,3.66,326,1,0,1.038,19,6,0.177,1,0
115.54,2,5,3.58,99,1,0,-0.514,10,2,0.218,2,0
1.84,6,9,37.97,9,0,3,3.379,18,2,0.025,0,1
28.58,0,0,4.84,295,1,0,-0.758,12,2,0.194,1,0
60.38,1,2,9.99,197,1,0,1.462,12,3,0.233,2,0
14.2,2,4,7.8,228,1,0,-0.008,19,5,0.197,1,0
143.33,2,4,3.79,213,1,0,-0.864,19,2,0.019,2,0
92.17,1,1,3.38,169,1,0,0.386,15,2,0.176,0,0
1.52,6,6,78.35,7,0,4,4.41,17,6,0.921,0,1
86.78,0,1,0.62,296,1,0,0.147,10,0,0.072,1,0
91.08,2,3,5.73,175,1,0,-0.865,19,1,0.048,1,0
6.49,1,5,8.21,143,1,0,0.202,8,6,0.027,0,0
95.69,2,4,6.21,29,1,0,-0.622,8,4,0.002,0,0
52.86,0,3,4.35,261,1,0,-0.748,9,0,0.25,0,0
15.69,0,0,8.26,335,1,0,-0.577,17,0,0.02,2,0
155.82,2,3,2.22,285,1,0,1.254,20,1,0.257,0,0
1.19,5,5,96.76,11,1,4,4.076,21,6,0.068,0,1
119.67,0,1,1.57,326,0,0,-0.694,11,1,0.047,0,0
68.85,2,3,3.2,235,1,0,0.213,13,4,0.076,0,0
1.37,5,7,119.53,9,1,2,4.992,6,4,0.11,0,1
34.09,0,4,7.84,64,1,0,-0.636,18,2,0.298,1,0
36.47,0,3,7.25,50,1,0,1.006,9,4,0.105,2,0
38.81,2,5,9.74,358,1,0,1.307,10,3,0.16,1,0
1.77,4,7,66.53,7,1,4,3.631,13,4,0.353,0,1
142.41,1,5,8.84,273,1,0,-0.38,16,6,0.032,0,0
67.21,0,2,4.02,180,1,0,1.159,8,0,0.082,2,0
101.72,2,5,8.46,363,0,0,-0.251,16,2,0.004,1,0
153.03,0,1,6.36,19,1,0,-0.083,17,5,0.073,0,0
105.77,2,5,3.01,304,1,0,-0.609,13,1,0.272,1,0
0.61,5,5,128.0,7,0,4,3.044,13,5,0.731,0,1
24.92,0,0,3.86,152,1,0,-0.602,12,6,0.077,0,0
1.91,6,10,49.25,9,0,3,3.722,10,5,0.131,0,1
77.22,1,4,5.46,233,1,0,0.443,11,1,0.285,1,0
66.03,0,2,4.02,158,1,0,-0.478,18,1,0.039,0,0
78.14,0,2,6.44,202,1,0,0.865,7,0,0.046,0,0
1.64,4,8,26.17,13,0,4,3.1,17,4,0.507,0,1
91.67,1,2,3.96,167,1,0,0.636,11,3,0.193,1,0
142.18,1,3,7.24,74,1,0,0.155,19,6,0.01,0,0
40.91,0,3,9.87,44,1,0,0.305,11,4,0.033,1,0
91.34,1,2,7.45,158,1,0,-0.294,15,1,0.051,2,0
34.19,2,5,8.55,7,1,0,0.621,12,1,0.127,1,0
26.73,1,2,5.52,59,1,0,-0.557,12,4,0.123,0,0
160.78,2,3,4.31,359,1,0,-0.69,7,5,0.005,2,0
145.67,2,6,3.21,66,1,0,-0.486,19,0,0.021,0,0
47.86,2,4,4.4,72,1,0,-0.843,16,3,0.049,0,0
91.0,1,1,1.02,254,1,0,0.642,16,0,0.166,0,0
54.94,0,2,2.49,311,1,0,0.216,10,5,0.096,2,0
163.56,2,3,6.02,158,1,0,1.341,16,4,0.027,0,0
26.41,2,3,5.24,131,1,0,0.462,16,2,0.027,0,0
105.77,0,4,0.11,246,1,0,0.019,12,3,0.175,1,0
0.79,5,7,146.67,6,0,1,3.729,17,4,0.716,0,1
0.36,4,4,38.34,1,1,2,2.699,12,4,0.349,0,1
60.69,2,3,2.4,212,1,0,-0.145,15,5,0.267,0,0
16.47,0,3,1.8,238,1,0,-0.169,15,1,0.225,1,0
36.67,2,2,6.63,67,1,0,0.85,9,1,0.187,0,0
94.72,0,3,3.69,36,1,0,-0.398,10,4,0.133,0,0
154.33,0,4,7.01,150,1,0,-0.83,10,6,0.284,2,0
99.5,2,3,0.36,33,1,0,0.962,10,4,0.164,2,0
69.33,0,2,8.17,121,1,0,0.93,11,5,0.036,0,0
149.61,1,1,5.49,144,1,0,-0.825,19,0,0.034,2,0
39.74,2,4,4.72,360,1,0,0.77,12,5,0.236,1,0
55.02,2,4,6.23,97,1,0,0.473,17,2,0.27,1,0
18.41,1,3,2.73,297,1,0,1.446,8,1,0.051,1,0
1.14,4,4,64.59,13,0,1,5.378,16,4,0.61,0,1
0.58,6,7,123.59,8,0,2,3.696,15,2,0.768,0,1
2.76,0,2,6.07,197,1,0,-0.289,14,5,0.205,2,0
105.3,2,6,6.41,66,1,0,-0.953,7,4,0.029,2,0
133.26,1,5,3.71,347,1,0,-0.529,13,5,0.241,0,0
0.45,7,9,100.63,1,1,3,4.535,14,3,0.564,0,1
27.94,0,0,5.67,293,1,0,0.868,18,0,0.155,0,0
107.23,1,2,9.6,118,1,0,-0.612,14,1,0.16,0,0
80.91,0,4,7.37,207,1,0,-0.84,17,4,0.236,0,0
1.67,6,9,112.25,10,0,4,4.694,18,6,0.233,0,1
136.02,2,3,6.02,17,0,0,-0.556,21,6,0.125,1,0
45.6,0,3,7.53,147,1,0,-0.785,12,3,0.247,1,0
26.34,2,5,1.92,265,1,0,0.236,20,2,0.07,0,0
35.81,2,3,9.9,29,0,0,0.657,13,4,0.2,2,0
30.14,2,2,1.84,329,1,0,1.448,12,1,0.153,0,0
19.76,2,6,9.2,42,1,0,0.13,17,5,0.112,1,0
57.45,1,4,4.54,218,1,0,-0.183,10,5,0.187,2,0
52.58,1,3,7.9,125,1,0,1.44,14,5,0.092,2,0
130.18,2,3,1.22,35,1,0,-0.11,12,4,0.287,0,0
129.13,1,1,6.66,94,1,0,-0.279,20,4,0.269,0,0
1.67,4,6,108.3,0,0,4,5.902,11,6,0.338,0,1
123.5,0,1,5.42,343,1,0,0.243,14,6,0.247,0,0
168.0,1,5,5.75,323,1,0,-0.516,20,0,0.017,2,0
0.85,7,10,147.28,5,0,3,4.888,8,6,0.598,0,1
137.71,2,6,8.53,340,1,0,-0.115,8,0,0.206,0,0
36.52,0,3,7.7,193,1,0,1.303,9,6,0.098,2,0
65.18,0,0,3.9,278,1,0,1.456,10,2,0.009,1,0
143.26,1,3,4.25,24,1,0,0.911,9,2,0.297,2,0
0.62,6,9,105.83,7,0,2,3.911,8,4,0.595,0,1
142.27,1,3,3.8,250,0,0,0.49,14,5,0.159,1,0
151.71,2,6,8.96,145,1,0,-0.009,17,6,0.072,2,0
128.87,2,5,5.84,186,1,0,0.274,8,4,0.146,2,0
132.99,2,5,6.3,253,1,0,-0.812,13,6,0.27,0,0
0.94,5,9,36.35,7,1,2,5.025,19,6,0.804,0,1
111.29,1,2,8.77,241,1,0,0.663,19,0,0.287,2,0
45.83,1,4,2.76,144,1,0,0.394,7,4,0.052,2,0
125.59,1,1,5.03,139,1,0,1.398,16,5,0.285,0,0
16.93,1,3,2.29,356,1,0,0.911,8,2,0.182,0,0
145.65,2,2,1.78,174,1,0,-0.143,8,0,0.22,2,0
0.93,4,6,142.18,13,0,4,2.505,6,4,0.707,0,1
107.18,2,4,0.72,134,1,0,-0.087,14,1,0.196,1,0
98.62,1,1,8.46,286,1,0,-0.315,21,3,0.126,1,0
1.1,5,7,26.63,8,1,2,3.171,6,3,0.321,0,1
136.39,0,2,0.6,331,0,0,0.865,8,1,0.205,2,0
53.54,0,0,9.14,179,1,0,0.444,10,6,0.031,0,0
47.54,2,2,8.02,91,1,0,1.254,16,6,0.24,1,0
95.25,2,3,8.75,151,1,0,-0.385,18,4,0.036,1,0
93.64,0,2,2.99,141,1,0,1.38,15,3,0.025,2,0
101.29,1,5,1.71,84,1,0,0.838,18,3,0.217,2,0
90.26,0,1,2.4,315,1,0,0.645,10,5,0.244,1,0
0.56,5,6,47.08,12,0,3,3.585,16,5,0.354,0,1
120.98,0,2,3.08,110,1,0,-0.443,11,0,0.102,2,0
153.66,0,1,7.59,17,1,0,-0.318,16,2,0.144,2,0
162.68,0,1,9.43,118,1,0,1.495,21,0,0.161,2,0
32.44,1,5,3.74,249,1,0,-0.071,17,5,0.114,2,0
157.53,0,1,9.87,154,1,0,1.214,15,6,0.033,2,0
9.48,1,4,9.69,360,1,0,0.843,16,6,0.287,1,0
0.61,6,10,23.62,2,1,1,4.258,9,2,0.203,0,1
1.26,4,6,103.54,9,0,2,3.508,11,1,0.9,0,1
85.32,1,3,6.77,282,1,0,0.495,13,1,0.033,0,0
0.75,7,7,101.03,4,0,3,3.878,11,0,0.708,0,1
159.86,2,4,0.25,355,1,0,-0.518,6,5,0.138,2,0
1.04,5,6,134.78,5,0,4,3.125,10,0,0.969,0,1
1.91,6,10,111.18,1,1,3,5.027,8,1,0.492,0,1
0.57,5,8,25.06,5,0,3,4.353,17,6,0.503,0,1
127.51,2,2,0.87,151,1,0,-0.866,9,2,0.018,1,0
3.51,1,3,2.86,35,1,0,0.21,12,6,0.288,2,0
14.32,0,3,9.57,293,1,0,0.594,17,0,0.115,2,0
1.0,4,6,143.08,4,1,4,3.134,10,5,0.657,0,1
1.55,5,5,105.41,11,0,1,4.157,17,0,0.811,0,1
40.22,1,3,3.78,195,1,0,0.98,18,6,0.159,0,0
159.47,1,5,0.91,188,1,0,1.099,20,3,0.055,2,0
0.67,7,10,20.6,13,0,1,4.644,11,4,0.883,0,1
77.54,2,6,1.0,96,1,0,1.388,13,5,0.037,0,0
1.83,7,9,76.74,6,0,4,3.269,15,3,0.75,0,1
63.42,2,3,3.74,179,1,0,1.028,16,3,0.069,2,0
19.15,2,3,9.58,121,1,0,1.194,10,5,0.048,0,0
76.49,2,2,0.71,350,1,0,-0.132,14,2,0.014,0,0
74.69,2,6,9.4,300,1,0,1.402,9,2,0.186,2,0
0.67,7,7,127.5,2,0,2,3.628,9,3,0.654,0,1
63.48,1,4,3.25,176,1,0,1.141,9,4,0.216,2,0
127.16,1,1,7.04,223,1,0,1.457,20,6,0.054,0,0
20.74,0,2,3.37,112,1,0,1.232,6,0,0.04,2,0
96.85,0,4,4.25,9,1,0,-0.271,21,2,0.144,0,0
23.6,1,4,4.32,240,1,0,-0.974,13,5,0.101,2,0
4.27,1,3,9.99,192,1,0,1.204,14,0,0.114,1,0
0.25,6,6,22.66,10,0,1,4.512,12,0,0.333,0,1
0.36,6,8,77.83,11,0,3,3.743,6,1,0.542,0,1
0.89,5,5,33.23,0,1,4,3.742,7,1,0.821,0,1
1.36,7,7,122.42,11,1,1,4.717,10,6,0.674,0,1
101.01,2,6,8.33,104,1,0,-0.374,17,1,0.15,2,0
37.39,1,1,7.98,43,1,0,0.792,17,6,0.026,0,0
22.96,0,2,1.49,274,1,0,0.785,8,4,0.014,2,0
42.21,2,6,2.44,22,1,0,0.06,15,0,0.067,2,0
72.85,0,3,2.05,42,1,0,-0.578,17,6,0.143,2,0
27.6,0,4,0.31,338,1,0,-0.149,9,3,0.287,2,0
156.78,0,1,5.2,362,1,0,1.408,9,3,0.152,0,0
54.67,2,2,1.79,104,1,0,-0.645,11,6,0.285,2,0
132.1,1,2,3.94,310,1,0,0.72,20,0,0.219,1,0
111.27,2,3,9.09,25,1,0,1.058,17,4,0.085,2,0
1.27,4,5,61.92,5,1,2,3.716,12,1,0.089,0,1
109.94,0,1,8.25,344,1,0,0.673,10,6,0.086,2,0
0.91,5,8,100.77,6,0,2,5.659,11,1,0.488,0,1
82.13,0,1,4.42,98,1,0,0.354,8,1,0.072,1,0
0.5,4,4,28.37,5,0,1,3.354,8,6,0.881,0,1
86.19,0,1,5.34,204,1,0,1.035,7,1,0.126,0,0
128.29,1,2,1.02,154,1,0,1.265,9,1,0.093,2,0
152.39,2,3,6.48,203,1,0,0.877,10,3,0.056,2,0
101.01,1,1,5.96,362,1,0,-0.673,12,4,0.22,2,0
0.44,5,5,38.15,10,1,4,3.442,11,5,0.15,0,1
2.81,2,5,8.53,310,1,0,-0.114,8,5,0.259,0,0
165.2,1,1,2.85,235,1,0,-0.671,10,5,0.292,1,0
89.51,1,3,7.52,161,1,0,0.777,10,2,0.07,0,0
22.46,2,6,0.25,259,1,0,0.278,14,6,0.217,2,0
25.57,0,2,7.49,305,1,0,0.718,12,5,0.038,1,0
16.17,1,2,9.13,266,0,0,0.863,21,2,0.085,2,0
54.0,1,2,7.37,114,1,0,1.235,19,1,0.106,1,0
33.8,0,3,3.41,136,1,0,-0.567,15,1,0.129,2,0
126.59,0,3,9.36,194,1,0,-0.244,12,3,0.132,2,0
40.37,0,3,7.02,106,1,0,0.74,19,3,0.03,1,0
54.62,1,5,5.63,74,0,0,-0.86,12,0,0.067,1,0
116.16,0,2,4.51,355,1,0,1.376,17,5,0.007,0,0
2.35,0,4,3.16,296,1,0,0.387,15,1,0.22,0,0
31.94,1,4,2.96,291,1,0,-0.28,16,6,0.218,2,0
148.18,2,6,3.43,50,1,0,1.451,12,6,0.135,0,0
81.09,1,4,6.97,333,1,0,-0.839,16,6,0.201,0,0
0.49,6,6,55.64,12,0,2,5.297,11,1,0.374,0,1
164.09,0,1,6.73,97,1,0,1.308,13,2,0.146,0,0
85.38,2,5,3.92,108,1,0,0.589,9,2,0.237,2,0
158.96,0,1,4.61,201,1,0,-0.316,9,2,0.04,2,0
64.12,1,1,6.69,42,1,0,-0.065,20,4,0.271,2,0
9.36,2,6,8.11,149,1,0,0.048,14,2,0.106,1,0
37.19,0,2,1.39,13,1,0,-0.203,17,0,0.287,2,0
128.41,0,4,7.84,55,1,0,0.037,14,6,0.228,0,0
130.12,0,1,8.67,309,1,0,0.399,20,5,0.011,2,0
96.88,0,4,5.58,174,1,0,1.094,17,4,0.223,2,0
1.45,6,9,92.16,1,0,4,2.608,18,3,0.632,0,1
60.51,2,3,0.87,259,1,0,-0.433,14,4,0.267,0,0
131.69,2,5,4.26,310,1,0,0.414,8,1,0.041,2,0
166.13,0,3,3.03,333,1,0,-0.895,7,3,0.202,2,0
164.44,0,2,0.87,13,1,0,0.779,8,6,0.21,2,0
13.02,1,3,5.81,175,1,0,0.232,15,6,0.292,1,0
88.54,0,3,8.6,167,1,0,1.417,16,6,0.196,0,0
1.59,6,9,33.6,1,0,1,5.264,19,1,0.22,0,1
112.58,2,5,0.94,181,1,0,0.299,14,2,0.062,0,0
102.53,1,4,3.13,172,1,0,0.591,11,3,0.188,1,0
128.04,1,2,1.28,308,1,0,-0.388,21,3,0.232,2,0
56.24,0,1,4.34,353,1,0,0.082,12,3,0.109,1,0
77.03,2,2,5.06,30,1,0,-0.369,6,1,0.109,2,0
21.65,2,4,5.07,163,1,0,0.318,13,0,0.125,2,0
78.89,2,6,2.94,28,1,0,1.254,20,5,0.297,0,0
152.01,0,0,4.43,336,0,0,-0.966,14,2,0.127,2,0
106.66,1,4,6.24,57,1,0,1.309,18,6,0.178,2,0
0.26,4,4,32.32,8,1,2,2.868,19,4,0.235,0,1
90.1,1,2,3.58,348,1,0,0.332,21,6,0.167,1,0
145.52,0,3,5.55,210,0,0,1.069,20,3,0.181,0,0
42.84,1,5,9.73,361,1,0,1.313,19,5,0.038,1,0
2.0,6,7,50.31,4,0,2,2.773,8,5,0.856,0,1
45.02,1,3,4.03,302,1,0,-0.895,14,2,0.211,2,0
24.18,0,0,5.36,270,1,0,1.149,10,6,0.195,1,0
31.44,2,4,9.51,241,1,0,-0.591,9,3,0.146,2,0
156.65,2,3,5.15,263,1,0,-0.074,19,5,0.062,2,0
22.33,2,2,2.13,168,1,0,-0.86,9,6,0.193,2,0
133.75,1,5,7.84,23,1,0,0.698,13,3,0.215,2,0
115.06,2,2,6.2,261,0,0,0.164,15,5,0.242,1,0
160.9,0,2,5.9,29,1,0,0.299,12,4,0.032,2,0
77.84,0,4,9.43,315,1,0,0.838,15,0,0.158,1,0
113.78,1,2,8.21,145,1,0,-0.67,17,5,0.213,2,0
125.92,2,5,7.68,340,1,0,1.35,8,4,0.123,2,0
161.92,2,6,3.05,283,1,0,-0.18,12,4,0.035,2,0
63.9,1,3,7.89,238,1,0,-0.86,14,3,0.218,0,0
60.64,1,2,7.45,258,1,0,0.259,12,1,0.272,1,0
40.19,0,1,3.2,216,1,0,0.426,16,6,0.148,0,0
2.79,1,1,2.86,90,1,0,1.079,17,1,0.25,0,0
91.84,1,2,5.11,53,1,0,0.097,18,1,0.169,0,0
107.14,0,1,1.62,198,1,0,0.707,9,5,0.221,2,0
104.39,2,2,7.22,281,1,0,1.358,7,4,0.27,1,0
3.56,1,4,8.33,267,1,0,0.312,7,2,0.146,2,0
79.52,1,4,1.21,252,1,0,1.344,18,1,0.239,0,0
149.52,1,3,8.11,38,1,0,-0.781,20,6,0.051,1,0
59.82,2,5,0.53,288,1,0,0.187,14,3,0.03,0,0
105.67,1,5,0.82,274,1,0,-0.834,21,5,0.298,1,0
50.26,0,0,2.63,126,1,0,0.274,12,3,0.216,1,0
116.5,2,6,0.27,311,1,0,-0.566,9,4,0.231,2,0
112.29,1,5,2.26,70,1,0,-0.416,20,2,0.194,1,0
17.21,2,6,2.89,43,1,0,-0.605,21,2,0.069,1,0
91.4,0,3,0.13,282,0,0,-0.701,13,6,0.271,0,0
34.85,0,4,7.58,128,1,0,-0.247,13,5,0.19,2,0
5.81,1,2,8.93,244,1,0,-0.594,20,3,0.261,1,0
9.66,1,4,3.31,136,1,0,-0.413,9,4,0.154,2,0
103.15,1,3,7.06,350,1,0,0.145,12,6,0.274,0,0
1.54,6,7,77.76,5,0,2,4.342,14,3,0.022,0,1
17.15,0,2,4.3,56,1,0,-0.481,13,6,0.049,0,0
157.12,0,3,7.26,226,1,0,0.394,7,2,0.013,0,0
123.45,2,3,2.19,10,1,0,-0.007,8,4,0.044,0,0
0.31,7,7,146.12,11,0,1,4.456,7,1,0.561,0,1
146.95,1,3,8.37,345,1,0,-0.846,9,3,0.193,1,0
161.07,0,3,8.65,25,1,0,-0.861,20,6,0.029,0,0
111.83,0,3,8.49,200,1,0,0.754,15,0,0.152,1,0
1.92,6,8,142.47,6,1,1,3.362,11,1,0.838,0,1
14.32,1,1,2.6,248,1,0,1.053,18,5,0.259,1,0
109.1,0,3,7.69,305,1,0,-0.748,18,0,0.059,1,0
20.52,1,2,2.19,109,1,0,1.367,14,3,0.281,1,0
33.66,2,5,8.81,340,1,0,-0.126,15,0,0.265,2,0
111.78,1,4,6.48,265,0,0,0.505,10,5,0.221,2,0
80.35,2,3,4.78,347,1,0,0.709,9,3,0.255,1,0
22.21,2,3,1.45,143,1,0,-0.95,21,6,0.089,1,0
153.39,1,3,1.4,316,1,0,0.697,7,1,0.164,0,0
20.26,0,2,7.65,64,1,0,1.276,19,0,0.245,2,0
63.78,1,1,3.26,51,1,0,-0.092,10,4,0.239,2,0
96.24,0,1,0.81,110,1,0,-0.992,20,1,0.291,2,0
138.28,2,5,7.36,206,1,0,-0.061,11,5,0.192,1,0
0.78,4,5,57.51,9,0,4,4.13,15,5,0.331,0,1
9.4,1,5,1.16,306,1,0,-0.446,13,2,0.124,1,0
121.46,2,3,2.26,17,1,0,-0.425,20,0,0.258,1,0
27.94,1,3,3.85,58,1,0,0.504,21,2,0.244,1,0
136.93,2,2,7.43,157,1,0,-0.074,16,6,0.239,2,0
52.8,0,3,1.29,56,1,0,0.245,17,1,0.149,0,0
43.73,2,2,6.48,291,1,0,1.169,7,1,0.111,1,0
0.25,4,5,109.84,6,0,3,3.37,10,4,0.708,0,1
0.72,7,7,146.03,11,1,2,5.848,18,3,0.24,0,1
1.6,5,9,77.24,2,0,3,3.398,7,4,0.295,0,1
93.06,2,6,5.12,20,1,0,0.525,8,1,0.082,2,0
6.09,1,3,1.77,294,1,0,0.294,7,4,0.143,2,0
80.31,2,2,9.14,31,1,0,1.044,11,2,0.234,1,0
1.5,5,6,79.73,9,0,1,4.023,14,6,0.392,0,1
51.54,1,5,8.87,223,1,0,-0.619,19,6,0.054,1,0
23.47,1,2,9.76,151,1,0,0.189,16,4,0.095,2,0
1.77,5,6,123.09,13,0,4,4.822,19,0,0.704,0,1
99.66,2,3,6.94,330,1,0,-0.922,20,1,0.174,0,0
100.59,2,3,2.2,123,1,0,0.014,12,2,0.013,1,0
0.52,6,9,66.79,0,0,3,5.296,10,3,0.728,0,1
1.53,4,5,113.74,9,0,4,3.59,20,6,0.582,0,1
25.97,2,6,4.02,276,1,0,0.868,6,5,0.169,2,0
165.44,1,2,5.04,45,1,0,-0.115,13,4,0.174,0,0
127.92,0,3,2.21,237,0,0,-0.692,16,6,0.286,0,0
0.72,4,8,57.88,0,0,4,4.158,18,4,0.048,0,1
1.85,5,7,48.57,0,0,2,2.553,19,3,0.355,0,1
131.87,0,1,5.73,281,0,0,0.796,20,4,0.292,2,0
12.74,1,2,7.62,129,1,0,0.408,15,6,0.08,0,0
46.01,1,5,5.82,43,1,0,0.548,15,0,0.067,1,0
4.33,1,3,4.19,242,1,0,-0.996,18,1,0.125,2,0
110.96,0,3,5.69,328,1,0,-0.505,9,2,0.05,0,0
16.05,1,1,6.15,53,1,0,1.078,7,3,0.009,0,0
47.12,1,5,1.29,26,1,0,-0.742,17,6,0.297,2,0
1.13,7,9,111.16,13,0,1,5.565,18,1,0.76,0,1
16.41,1,4,5.9,10,1,0,0.606,7,5,0.014,0,0
1.11,6,10,67.05,0,1,1,3.868,14,5,0.594,0,1
106.55,2,2,5.58,242,1,0,0.288,14,1,0.056,0,0
1.54,4,4,70.65,5,1,4,5.269,16,1,0.964,0,1
47.65,0,1,9.12,95,1,0,0.99,12,3,0.119,0,0
27.24,2,2,7.92,45,1,0,0.775,8,1,0.019,1,0
38.19,2,6,2.84,118,1,0,0.294,6,0,0.274,2,0
65.99,2,5,1.97,22,1,0,0.795,8,3,0.241,0,0
10.54,1,1,8.35,335,1,0,0.008,20,3,0.067,1,0
1.47,7,11,148.32,5,0,4,2.685,11,0,0.722,0,1
138.83,2,6,5.46,229,1,0,0.646,16,4,0.01,0,0
67.65,0,2,0.99,11,1,0,-0.476,17,2,0.29,2,0
1.0,6,7,38.75,11,0,2,4.595,20,1,0.677,0,1
142.74,0,1,6.79,307,1,0,-0.816,12,5,0.221,1,0
43.63,2,6,8.95,73,1,0,0.947,21,5,0.118,2,0
139.08,2,3,4.98,274,1,0,-0.612,19,0,0.175,2,0
37.26,1,4,3.23,106,1,0,1.419,14,6,0.07,0,0
22.3,1,4,0.33,55,1,0,0.353,15,1,0.214,2,0
159.92,2,3,7.28,63,1,0,0.393,21,4,0.171,2,0
24.45,1,1,9.51,332,0,0,1.187,21,3,0.079,2,0
144.95,0,3,5.39,291,1,0,-0.687,7,5,0.083,2,0
124.29,2,5,4.81,32,1,0,0.475,10,4,0.293,2,0
69.66,1,1,1.9,176,1,0,1.433,10,4,0.101,2,0
5.31,2,4,4.61,152,1,0,0.547,15,3,0.251,1,0
98.85,0,4,0.17,16,1,0,-0.495,11,5,0.051,0,0
25.1,2,4,4.88,164,1,0,-0.818,7,5,0.252,1,0
141.66,2,4,3.06,154,1,0,0.721,9,5,0.086,0,0
0.68,7,10,108.66,1,1,2,4.182,14,6,0.153,0,1
16.84,0,1,0.23,282,1,0,1.062,11,0,0.024,2,0
1.66,6,8,111.09,9,0,3,5.374,17,5,0.994,0,1
83.92,0,1,7.99,295,1,0,-0.845,18,3,0.245,0,0
130.75,0,3,1.11,99,1,0,-0.315,12,5,0.234,1,0
124.35,0,1,8.97,205,1,0,0.341,17,4,0.013,1,0
85.46,0,1,7.95,98,1,0,-0.112,12,4,0.289,2,0
67.85,1,1,3.22,121,1,0,-0.703,19,5,0.073,0,0
0.26,7,7,63.94,2,1,3,5.499,8,5,0.71,0,1
114.9,0,4,5.0,73,1,0,-0.401,15,5,0.266,0,0
84.55,1,1,0.21,214,1,0,1.462,6,4,0.224,2,0
57.75,0,0,3.67,362,1,0,-0.146,19,0,0.29,1,0
114.42,2,2,7.42,192,1,0,0.693,14,0,0.0,0,0
15.94,1,3,8.24,271,1,0,0.885,13,1,0.057,2,0
1.71,5,7,116.33,7,0,4,4.863,7,3,0.603,0,1
159.44,0,3,8.74,150,1,0,0.837,20,3,0.284,1,0
106.85,0,0,7.24,323,0,0,0.767,10,4,0.068,1,0
160.56,2,4,6.72,200,1,0,-0.074,17,1,0.147,1,0
54.91,0,3,8.09,352,1,0,1.071,6,2,0.255,2,0
98.99,1,4,0.18,333,1,0,0.496,9,3,0.239,1,0
77.79,1,1,2.33,269,1,0,-0.799,8,0,0.194,2,0
149.73,2,2,3.85,274,1,0,1.324,16,1,0.17,0,0
54.58,2,3,7.4,208,1,0,1.091,13,0,0.049,1,0
25.29,2,4,7.02,88,1,0,0.653,15,0,0.231,0,0
95.05,2,2,2.52,344,1,0,0.291,14,3,0.065,0,0
32.07,2,3,0.14,20,1,0,0.306,20,1,0.097,2,0
1.27,6,9,87.26,12,1,3,5.185,18,5,0.762,0,1
26.03,0,1,6.25,304,1,0,0.881,7,5,0.132,0,0
21.93,2,2,3.62,73,1,0,0.786,6,3,0.163,2,0
131.47,1,4,5.41,24,1,0,0.233,17,0,0.131,2,0
93.86,2,2,5.89,343,1,0,-0.436,7,2,0.283,1,0
122.82,0,0,6.01,299,1,0,0.173,12,3,0.165,1,0
106.89,1,2,5.03,325,1,0,-0.217,15,3,0.004,0,0
126.23,2,6,5.73,246,1,0,-0.653,7,0,0.192,0,0
54.55,1,4,4.86,178,1,0,-0.298,15,5,0.165,0,0
124.31,0,2,6.94,294,1,0,-0.806,15,0,0.113,0,0
1.25,7,9,116.69,1,1,3,5.701,14,6,0.658,0,1
60.48,0,2,2.98,30,1,0,1.041,12,5,0.166,0,0
85.39,1,3,1.66,84,1,0,0.648,19,4,0.051,0,0
158.71,1,5,7.4,311,1,0,-0.712,10,1,0.119,0,0
24.93,0,0,2.04,61,1,0,-0.282,16,2,0.063,0,0
153.84,1,5,2.76,272,1,0,-0.709,7,4,0.237,2,0
0.71,7,10,57.07,5,0,3,3.612,14,1,0.146,0,1
86.68,0,4,3.5,131,1,0,-0.054,11,5,0.299,2,0
104.81,2,2,0.52,241,1,0,0.062,9,5,0.278,1,0
124.17,1,2,4.61,17,1,0,0.754,8,1,0.103,2,0
86.73,2,2,2.33,90,0,0,-0.017,11,3,0.086,0,0
136.25,2,6,7.06,338,1,0,0.257,18,2,0.206,2,0
18.71,2,6,3.73,257,1,0,0.225,6,0,0.03,1,0
1.95,5,6,84.83,7,0,1,5.965,6,3,0.002,0,1
104.08,0,2,7.74,163,1,0,0.325,16,0,0.082,0,0
85.78,2,4,5.68,192,1,0,-0.473,13,1,0.056,1,0
7.54,0,4,7.22,156,1,0,0.97,12,4,0.103,2,0
0.73,5,5,65.22,1,0,4,3.676,16,5,0.308,0,1
59.61,0,4,6.57,60,1,0,-0.802,13,2,0.073,1,0
77.21,2,3,4.01,319,1,0,0.874,13,4,0.268,0,0
92.92,0,2,4.47,293,1,0,0.752,7,2,0.017,1,0
67.63,1,1,7.87,263,0,0,-0.382,19,2,0.156,1,0
156.9,2,3,1.62,350,1,0,1.384,19,0,0.064,1,0
138.72,0,3,7.22,17,1,0,-0.227,20,3,0.044,1,0
108.56,1,5,4.01,257,1,0,-0.926,19,3,0.256,0,0
100.42,1,2,3.88,320,1,0,-0.15,16,2,0.13,1,0
1.19,6,7,114.07,8,1,4,4.22,21,3,0.648,0,1
8.87,1,5,4.68,104,1,0,1.058,6,3,0.288,0,0
121.87,0,0,1.36,242,1,0,-0.536,6,3,0.198,1,0
72.02,1,5,2.39,331,1,0,1.373,13,1,0.242,1,0
28.62,2,2,5.8,229,1,0,-0.728,16,6,0.255,0,0
55.52,2,6,3.92,140,1,0,-0.014,8,3,0.071,1,0
112.66,1,1,4.19,289,1,0,-0.462,11,0,0.134,2,0
138.19,1,2,5.5,234,1,0,-0.024,13,3,0.069,1,0
64.52,2,2,5.71,307,1,0,0.35,16,6,0.285,2,0
12.91,0,2,6.28,114,1,0,0.798,21,4,0.17,2,0
48.08,2,4,2.09,270,1,0,1.052,14,5,0.205,1,0
0.11,7,9,132.63,13,1,2,5.86,6,6,0.514,0,1
35.5,1,1,0.99,289,1,0,0.685,15,0,0.055,1,0
77.53,2,6,7.8,179,1,0,0.779,7,3,0.206,2,0
35.35,0,3,6.92,48,1,0,0.16,10,5,0.225,1,0
19.74,2,4,0.99,341,1,0,0.866,20,6,0.188,2,0
89.03,0,2,1.81,193,1,0,1.447,12,5,0.043,0,0
9.8,0,2,3.67,234,1,0,1.165,9,1,0.176,0,0
82.5,2,3,4.48,328,1,0,0.816,16,1,0.202,0,0
108.58,1,2,3.61,70,1,0,1.494,6,6,0.088,0,0
87.36,1,5,5.27,210,1,0,-0.293,12,3,0.117,0,0
161.06,0,0,4.54,29,1,0,0.129,11,5,0.213,2,0
100.02,2,4,0.15,181,1,0,0.151,6,3,0.066,2,0
166.7,1,2,2.69,265,1,0,-0.22,17,6,0.155,2,0
114.9,0,0,1.71,46,1,0,0.675,19,6,0.206,2,0
71.76,1,1,4.55,55,1,0,-0.46,19,0,0.194,1,0
83.67,0,3,7.81,204,1,0,-0.9,12,4,0.007,2,0
101.4,1,3,6.81,206,1,0,-0.215,15,0,0.024,2,0
18.71,0,4,7.77,83,1,0,1.161,12,4,0.198,2,0
127.23,0,2,9.98,138,1,0,0.113,12,6,0.229,0,0
81.62,0,1,1.21,211,1,0,-0.407,6,5,0.282,0,0
18.12,0,4,7.83,278,1,0,0.969,9,3,0.13,2,0
11.99,0,0,9.95,202,1,0,0.248,15,6,0.212,2,0
38.05,2,6,7.06,19,1,0,0.983,9,1,0.187,0,0
106.93,1,4,3.5,324,1,0,-0.683,16,4,0.206,0,0
1.35,6,8,96.87,3,0,1,3.876,15,3,0.735,0,1
9.93,0,4,3.86,17,1,0,-0.299,7,1,0.145,0,0
83.93,0,2,8.26,234,1,0,1.032,7,3,0.148,0,0
77.29,1,2,9.81,274,1,0,-0.599,6,3,0.283,2,0
101.98,1,3,9.16,147,1,0,1.2,21,1,0.182,2,0
27.9,1,1,8.43,333,1,0,-0.659,16,1,0.234,2,0
0.71,4,5,92.18,1,0,4,5.209,8,0,0.657,0,1
134.19,2,3,6.99,57,1,0,0.09,16,0,0.135,1,0
56.81,0,3,5.34,297,1,0,0.668,12,1,0.029,2,0
41.48,0,2,9.48,76,1,0,-0.763,6,2,0.205,1,0
149.44,2,4,2.6,259,1,0,0.027,16,3,0.173,0,0
1.31,6,7,107.02,2,0,3,3.031,14,5,0.048,0,1
43.04,1,5,2.63,77,1,0,0.727,17,1,0.004,0,0
0.61,7,10,84.03,5,1,2,5.141,15,0,0.074,0,1
158.61,1,5,2.99,268,1,0,0.779,15,1,0.272,2,0
164.84,2,2,6.14,267,1,0,-0.354,16,6,0.159,1,0
88.43,0,1,8.92,165,1,0,-0.781,15,6,0.079,2,0
139.2,2,2,7.35,323,1,0,0.397,7,5,0.145,1,0
25.82,0,0,3.82,190,1,0,0.212,15,4,0.151,2,0
166.74,0,2,9.82,266,1,0,0.386,16,0,0.169,1,0
19.74,0,0,4.13,17,1,0,-0.843,19,5,0.284,1,0
61.28,1,1,4.25,315,1,0,1.496,17,1,0.012,1,0
14.8,0,1,0.94,180,1,0,-0.785,20,1,0.068,0,0
21.69,0,1,4.4,32,1,0,0.355,18,2,0.156,0,0
0.26,6,7,103.58,5,0,2,4.491,11,6,0.6,0,1
95.92,1,1,0.93,282,1,0,-0.1,21,6,0.158,2,0
136.51,0,0,6.28,10,1,0,-0.303,7,4,0.277,1,0
90.03,0,3,7.66,291,1,0,0.555,21,4,0.2,1,0
102.55,0,0,6.61,189,0,0,-0.223,17,6,0.225,1,0
130.33,1,1,8.65,133,1,0,-0.123,20,6,0.013,0,0
144.21,0,0,2.87,201,1,0,-0.847,11,6,0.04,1,0
104.89,2,6,7.97,144,1,0,1.399,7,1,0.228,1,0
15.04,2,4,5.15,146,1,0,-0.869,18,5,0.237,2,0
0.26,5,8,63.59,13,0,1,5.121,14,4,0.749,0,1
137.53,1,2,0.38,223,1,0,0.186,6,3,0.17,0,0
6.45,2,6,0.03,343,1,0,0.001,7,4,0.121,0,0
65.3,2,2,0.56,33,1,0,0.911,18,0,0.083,2,0
51.79,0,2,1.11,192,1,0,0.067,13,1,0.021,0,0
146.91,1,4,8.25,39,1,0,0.965,10,4,0.175,2,0
18.48,2,5,6.73,303,1,0,-0.153,10,3,0.036,0,0
46.04,2,5,3.68,360,1,0,0.024,7,0,0.044,0,0
116.48,1,1,7.06,322,1,0,0.021,13,2,0.168,2,0
64.92,0,2,2.32,233,1,0,0.351,20,2,0.043,0,0
97.92,1,2,5.45,339,1,0,1.473,9,1,0.023,0,0
1.3,7,7,87.59,0,0,3,4.935,18,3,0.145,0,1
0.58,7,11,133.13,6,0,1,2.91,8,2,0.586,0,1
105.73,2,4,8.77,245,1,0,-0.453,8,4,0.081,0,0
1.29,7,10,134.12,2,1,3,2.759,18,3,0.573,0,1
124.5,1,3,3.43,249,1,0,-0.196,9,1,0.2,0,0
75.4,2,3,4.23,207,1,0,-0.938,21,3,0.14,2,0
104.01,1,1,9.66,180,1,0,1.273,20,2,0.052,2,0
100.75,2,3,3.07,310,1,0,-0.026,7,3,0.038,0,0
91.44,1,1,1.68,80,1,0,-0.325,17,5,0.098,0,0
84.17,2,3,3.74,306,1,0,-0.3,10,5,0.125,2,0
154.54,1,2,7.0,239,1,0,-0.545,7,6,0.214,1,0
53.04,1,1,7.93,249,1,0,1.184,16,0,0.266,0,0
0.16,7,11,133.9,2,0,2,3.387,10,5,0.21,0,1
55.32,2,4,0.75,320,1,0,-0.963,15,3,0.058,1,0
152.24,2,6,1.29,55,1,0,-0.053,18,4,0.14,0,0
48.94,0,1,3.55,55,1,0,-0.904,12,6,0.121,2,0
0.65,4,5,37.72,3,0,4,3.033,14,5,0.641,0,1
159.81,1,4,8.28,47,1,0,-0.353,8,0,0.055,2,0
28.39,1,3,4.76,162,1,0,0.354,17,1,0.122,2,0
0.12,5,8,87.67,5,1,2,2.749,14,1,0.966,0,1
80.07,1,2,7.75,68,1,0,-0.559,15,4,0.143,1,0
86.07,2,3,2.88,287,1,0,-0.617,11,3,0.294,0,0
115.86,0,4,3.8,307,1,0,-0.542,13,3,0.294,2,0
1.51,6,10,105.19,2,0,4,3.716,7,3,0.83,0,1
103.69,0,1,8.82,320,1,0,1.152,13,0,0.226,2,0
40.95,1,4,5.66,330,1,0,0.854,21,3,0.04,1,0
163.39,2,3,5.28,351,1,0,-0.723,19,6,0.227,1,0
20.4,2,3,7.3,65,1,0,-0.222,10,3,0.2,1,0
128.84,1,3,5.88,288,1,0,-0.822,21,1,0.037,2,0
0.83,6,7,47.54,3,1,3,3.957,7,5,0.701,0,1
4.28,2,4,3.93,91,1,0,-0.922,6,4,0.049,0,0
103.47,1,2,7.32,64,1,0,0.526,19,0,0.053,0,0
1.56,4,7,62.86,13,0,3,2.696,11,5,0.932,0,1
1.27,6,9,52.01,5,0,3,4.102,16,5,0.324,0,1
67.27,2,6,8.67,24,1,0,-0.412,10,5,0.294,1,0
27.66,0,2,8.22,87,1,0,0.489,19,1,0.065,0,0
1.34,5,9,143.16,8,0,1,3.615,8,2,0.24,0,1
1.52,4,7,36.96,13,0,2,2.731,6,3,0.131,0,1
29.33,1,3,4.63,228,1,0,-0.891,7,0,0.267,0,0
30.25,2,6,4.89,140,1,0,-0.312,16,5,0.121,1,0
0.62,6,9,144.37,0,0,4,3.99,8,0,0.834,0,1
137.81,2,4,5.62,204,1,0,1.252,21,1,0.116,2,0
53.8,2,5,1.76,343,1,0,0.096,7,3,0.097,0,0
44.49,2,3,9.1,240,0,0,-0.934,11,1,0.094,1,0
118.0,1,3,4.82,51,1,0,-0.472,20,0,0.152,0,0
148.03,0,1,1.94,154,1,0,1.08,8,5,0.095,2,0
12.51,2,6,8.8,310,1,0,-0.31,17,6,0.216,2,0
75.52,1,2,1.62,114,1,0,-0.774,20,6,0.037,2,0
66.6,0,2,8.9,119,1,0,-0.473,19,5,0.084,1,0
121.97,0,4,6.05,243,1,0,-0.499,11,0,0.0,0,0
157.22,0,4,5.94,299,1,0,-0.819,6,0,0.245,1,0
91.03,0,3,9.96,285,1,0,1.069,20,6,0.09,0,0
90.45,2,3,4.6,78,0,0,1.147,8,2,0.28,1,0
53.83,2,6,7.64,183,1,0,-0.632,11,3,0.259,0,0
151.61,0,4,3.43,216,1,0,0.72,16,6,0.284,0,0
0.17,6,9,52.68,3,1,2,2.73,17,0,0.425,0,1
47.03,0,0,7.2,290,0,0,1.201,13,3,0.052,2,0
11.74,0,4,5.03,275,1,0,0.36,19,2,0.12,2,0
110.38,1,5,5.53,134,1,0,-0.758,13,6,0.144,2,0
155.25,2,3,6.74,156,1,0,0.517,16,4,0.016,2,0
156.96,0,1,3.2,113,1,0,0.682,20,3,0.188,0,0
72.29,0,2,8.81,173,1,0,-0.195,12,4,0.195,1,0
140.07,2,6,3.61,130,1,0,-0.945,12,2,0.187,2,0
9.87,2,5,8.6,296,1,0,0.263,20,3,0.29,2,0
59.06,0,3,1.65,176,1,0,0.899,13,1,0.125,1,0
88.71,2,4,1.13,186,1,0,0.663,14,4,0.115,0,0
63.79,0,1,4.86,328,1,0,0.147,20,1,0.102,0,0
118.31,0,3,9.94,136,0,0,-0.418,15,6,0.212,0,0
114.05,1,1,8.58,181,1,0,1.249,8,3,0.223,1,0
93.87,0,0,9.34,261,1,0,-0.747,13,4,0.039,2,0
74.48,1,2,4.86,331,1,0,0.053,9,6,0.214,0,0
56.34,0,3,1.58,350,1,0,-0.899,19,1,0.069,2,0
141.05,0,0,5.5,177,1,0,0.503,19,1,0.119,0,0
0.51,7,11,74.01,3,1,3,2.982,19,4,0.125,0,1
131.48,0,4,1.76,27,1,0,1.323,18,2,0.267,0,0
0.25,5,8,24.86,11,1,1,4.069,18,6,0.664,0,1
55.84,0,1,2.88,233,1,0,-0.467,16,6,0.126,2,0
75.3,2,3,8.85,193,1,0,-0.106,21,3,0.022,1,0
0.3,4,6,70.49,5,0,2,4.581,19,1,0.775,0,1
91.87,0,4,8.85,329,1,0,0.001,21,5,0.084,1,0
1.72,4,6,71.96,9,0,2,5.254,11,4,0.33,0,1
100.34,1,5,1.3,354,1,0,0.652,13,0,0.087,1,0
153.44,2,3,5.41,10,1,0,-0.343,13,3,0.237,0,0
96.69,2,5,9.42,136,1,0,-0.727,16,3,0.088,2,0
90.03,0,1,9.72,187,0,0,-0.823,21,3,0.245,2,0
28.72,0,1,5.95,263,1,0,1.391,10,0,0.143,2,0
82.4,2,2,2.31,201,1,0,-0.579,15,1,0.213,1,0
48.59,1,2,9.62,354,1,0,-0.264,15,2,0.079,0,0
1.27,5,5,87.54,11,0,3,4.34,17,4,0.847,0,1
34.71,0,4,5.59,10,1,0,0.059,15,1,0.09,1,0
77.19,2,2,2.03,211,1,0,0.554,20,5,0.137,2,0
1.71,7,7,30.75,1,0,4,3.282,14,1,0.811,0,1
46.8,1,1,5.68,182,1,0,-0.438,8,4,0.235,0,0
63.69,1,5,2.68,311,1,0,0.607,17,4,0.27,0,0
36.21,0,0,7.1,155,1,0,-0.813,6,5,0.12,2,0
48.39,0,2,6.19,260,1,0,0.185,20,2,0.25,1,0
103.04,2,3,4.38,257,1,0,-0.922,15,4,0.032,0,0
0.59,5,5,133.03,13,0,4,5.592,11,5,0.308,0,1
76.94,1,4,7.26,215,1,0,-0.975,16,4,0.163,2,0
11.02,1,2,7.25,355,1,0,0.664,17,2,0.16,0,0
73.48,2,4,1.26,279,1,0,-0.57,20,6,0.09,0,0
119.89,0,4,5.02,77,1,0,-0.959,16,4,0.143,2,0
24.18,2,4,5.38,347,1,0,-0.238,20,4,0.105,2,0
1.39,7,10,29.01,11,0,4,5.01,9,2,0.473,0,1
2.89,0,3,9.01,206,0,0,-0.303,13,0,0.122,1,0
62.23,1,2,9.52,24,1,0,-0.255,6,5,0.192,1,0
141.42,2,5,9.88,188,1,0,-0.132,18,3,0.18,2,0
40.86,0,0,2.19,337,1,0,-0.29,12,2,0.207,1,0
92.7,0,3,5.05,147,1,0,-0.206,19,4,0.11,1,0
137.58,2,5,8.7,179,1,0,-0.154,17,4,0.194,0,0
116.62,1,5,3.47,276,1,0,-0.201,16,4,0.295,2,0
72.27,2,3,1.64,133,1,0,1.475,18,4,0.024,2,0
146.9,0,3,9.6,340,1,0,-0.877,15,4,0.225,0,0
0.36,5,7,109.01,0,1,2,4.404,15,0,0.047,0,1
35.25,2,4,1.62,278,1,0,0.858,21,2,0.097,0,0
46.1,2,5,3.73,174,1,0,0.762,19,2,0.185,2,0
3.34,0,1,8.9,283,1,0,-0.894,8,1,0.213,0,0
1.73,6,10,54.14,0,0,2,3.424,19,3,0.825,0,1
62.7,1,2,2.07,148,1,0,1.267,12,1,0.142,1,0
15.06,1,5,0.83,251,1,0,1.465,14,2,0.051,0,0
35.73,0,3,9.69,67,1,0,1.374,21,6,0.16,1,0
110.85,1,1,9.86,106,0,0,1.082,10,2,0.122,2,0
121.25,1,5,9.7,223,1,0,-0.979,14,3,0.212,2,0
89.01,2,3,3.88,212,1,0,0.646,15,0,0.19,0,0
61.72,2,6,0.04,327,1,0,-0.149,14,5,0.212,0,0
32.61,2,5,3.22,273,1,0,0.089,8,2,0.163,1,0
56.5,2,4,0.9,78,1,0,0.569,8,4,0.232,1,0
119.41,1,3,2.87,305,1,0,-0.489,13,2,0.232,0,0
152.01,0,0,0.35,16,1,0,-0.411,18,2,0.279,0,0
124.86,0,0,6.54,55,1,0,-0.685,20,6,0.079,2,0
80.54,2,5,9.68,272,1,0,0.941,21,4,0.055,0,0
25.47,0,3,5.9,55,1,0,0.683,9,5,0.066,2,0
116.62,0,4,6.89,55,1,0,1.463,21,4,0.237,2,0
1.9,7,7,39.16,2,0,4,2.806,11,2,0.82,0,1
76.91,0,3,5.24,336,1,0,-0.495,7,4,0.05,1,0
28.22,1,1,0.91,114,1,0,0.498,12,1,0.081,2,0
53.43,1,4,3.94,43,1,0,1.334,19,3,0.17,2,0
106.11,0,3,0.87,329,1,0,0.205,6,4,0.085,2,0
61.48,2,4,3.76,8,1,0,1.161,21,3,0.281,0,0
81.75,0,2,2.61,111,1,0,0.394,9,5,0.041,1,0
98.02,0,2,4.7,269,1,0,0.071,7,5,0.163,2,0
128.66,2,5,3.45,59,1,0,0.49,19,6,0.187,2,0
65.91,2,4,4.54,261,1,0,-0.334,21,5,0.002,1,0
25.8,1,1,4.31,221,1,0,0.114,7,6,0.252,1,0
91.25,0,0,9.87,84,1,0,0.804,15,0,0.192,0,0
127.3,0,3,6.7,333,1,0,-0.016,11,6,0.259,0,0
25.43,0,2,1.77,184,1,0,-0.519,8,5,0.111,2,0
143.29,0,0,5.16,326,1,0,-0.882,14,3,0.032,0,0
0.81,6,10,149.47,1,0,2,3.616,12,0,0.035,0,1
55.24,0,4,2.2,13,1,0,-0.193,7,4,0.037,1,0
33.53,0,3,3.49,282,1,0,0.224,14,0,0.241,0,0
1.47,7,11,126.57,1,0,4,3.906,12,6,0.724,0,1
36.93,2,5,4.16,333,1,0,-0.04,13,6,0.044,1,0
1.38,5,9,142.08,7,0,4,5.138,11,1,0.298,0,1
1.72,4,6,98.92,12,0,3,3.432,20,6,0.813,0,1
23.41,0,0,6.17,321,1,0,0.778,17,4,0.262,1,0
0.8,6,10,86.86,8,0,3,4.439,20,2,0.382,0,1
1.56,6,8,92.8,6,1,2,4.467,19,5,0.088,0,1
162.15,1,1,4.85,231,1,0,-0.571,7,2,0.267,2,0
85.22,1,2,8.81,67,1,0,-0.987,12,2,0.216,1,0
134.58,1,2,5.92,141,1,0,0.545,10,0,0.267,1,0
52.92,1,4,7.07,280,1,0,0.793,9,5,0.158,0,0
89.36,2,2,6.56,93,1,0,0.103,6,2,0.02,1,0
26.92,1,1,3.66,284,1,0,0.685,17,5,0.25,0,0
114.32,1,2,8.69,19,1,0,-0.433,9,1,0.176,1,0
116.52,1,3,2.95,176,1,0,0.093,18,1,0.278,2,0
103.96,0,3,5.76,122,1,0,0.559,14,4,0.19,2,0
0.44,4,8,69.94,10,0,2,3.954,21,3,0.65,0,1
115.1,2,4,7.13,243,1,0,0.53,8,0,0.184,2,0
149.98,2,3,3.76,118,1,0,0.481,7,6,0.058,2,0
145.08,0,2,0.15,31,1,0,0.664,14,3,0.213,2,0
73.57,1,5,6.44,324,1,0,-0.606,6,0,0.103,0,0
140.17,1,1,5.03,99,1,0,0.692,11,4,0.21,0,0
72.84,1,3,1.08,113,1,0,0.898,16,5,0.062,0,0
121.1,2,3,6.13,184,1,0,0.587,19,2,0.124,0,0
136.88,1,1,5.93,205,1,0,0.251,11,3,0.136,1,0
5.71,0,1,1.97,219,1,0,0.353,13,1,0.157,2,0
147.46,0,2,8.69,38,1,0,0.816,6,0,0.241,1,0
133.01,0,0,3.04,286,0,0,-0.476,16,6,0.276,2,0
53.32,1,5,8.7,263,0,0,-0.265,8,1,0.165,2,0
82.47,2,2,2.11,153,1,0,-0.896,20,5,0.049,2,0
1.76,5,9,34.28,3,0,3,4.494,21,6,0.539,0,1
132.18,2,2,8.96,232,1,0,-0.156,19,3,0.22,0,0
1.16,6,9,64.0,10,1,3,3.289,17,5,0.818,0,1
69.76,2,5,5.32,116,1,0,1.217,7,6,0.216,1,0
137.11,0,1,9.47,238,1,0,-0.58,19,6,0.275,0,0
0.1,4,4,86.94,11,0,1,4.948,20,6,0.576,0,1
146.31,0,0,8.22,28,1,0,0.61,6,1,0.242,1,0
92.19,0,1,7.36,127,1,0,-0.126,13,2,0.269,1,0
125.7,0,1,5.65,134,1,0,1.483,10,4,0.218,1,0
31.7,0,1,9.25,92,1,0,1.455,20,0,0.29,0,0
147.82,2,3,4.59,137,1,0,-0.108,20,3,0.019,0,0
61.77,2,6,2.36,159,1,0,0.114,8,3,0.231,0,0
120.36,2,2,0.77,74,1,0,-0.177,8,5,0.154,0,0
0.48,4,6,45.15,6,0,1,2.936,10,5,0.409,0,1
138.45,1,1,6.38,271,1,0,-0.392,7,6,0.082,0,0
138.03,2,5,0.05,79,1,0,-0.435,18,5,0.17,2,0
55.61,2,2,5.45,364,1,0,0.134,10,5,0.024,1,0
57.73,2,5,0.63,356,1,0,-0.768,13,4,0.293,1,0
83.55,1,4,6.34,288,1,0,1.199,13,6,0.107,2,0
55.65,2,6,2.02,62,1,0,-0.1,21,1,0.113,2,0
0.67,4,6,140.35,12,1,2,5.111,16,0,0.287,0,1
3.24,1,5,3.27,343,1,0,0.421,16,5,0.07,2,0
40.94,0,4,2.17,249,1,0,-0.597,11,0,0.245,0,0
61.76,0,0,8.04,102,1,0,0.017,19,2,0.157,2,0
151.31,2,5,5.88,200,1,0,1.112,16,0,0.074,0,0
9.91,2,2,1.14,59,1,0,1.144,8,3,0.154,1,0
160.15,0,2,5.0,73,1,0,-0.758,19,1,0.011,1,0
36.45,2,6,2.38,63,0,0,-0.924,7,6,0.009,2,0
88.68,1,2,2.85,354,1,0,-0.643,10,0,0.296,2,0
0.23,4,8,99.61,3,1,3,3.304,12,4,0.752,0,1
0.42,4,5,124.74,2,1,2,4.263,7,1,0.838,0,1
8.59,0,3,1.51,166,1,0,1.395,21,2,0.191,1,0
9.12,0,2,0.88,187,1,0,0.526,17,4,0.241,1,0
106.33,1,4,8.33,100,1,0,0.913,11,6,0.227,1,0
146.21,2,4,7.64,20,1,0,0.523,8,0,0.018,0,0
36.18,0,0,5.37,211,1,0,-0.15,14,2,0.007,0,0
0.73,6,7,144.4,1,0,4,3.554,12,2,0.82,0,1
15.64,1,5,9.0,137,1,0,0.65,12,3,0.154,2,0
30.9,1,3,0.84,251,1,0,-0.042,7,6,0.258,2,0
157.36,0,2,9.24,287,1,0,0.644,14,1,0.058,0,0
31.15,0,4,6.16,152,1,0,-0.009,14,4,0.005,1,0
1.1,7,9,35.91,13,0,1,5.275,14,6,0.357,0,1
45.49,0,1,3.09,281,1,0,0.656,9,0,0.168,1,0
63.91,2,5,0.94,185,1,0,-0.304,17,5,0.066,0,0
37.67,0,3,1.1,55,1,0,1.208,6,2,0.213,1,0
103.22,2,6,9.07,65,1,0,-0.313,12,5,0.078,0,0
43.12,2,2,8.85,168,1,0,1.073,20,5,0.057,1,0
3.62,1,1,5.19,358,1,0,-0.922,16,6,0.045,2,0
58.1,2,4,9.78,276,1,0,0.914,10,2,0.0,0,0
111.39,1,3,0.79,174,1,0,0.894,18,5,0.132,2,0
34.89,0,4,5.54,21,1,0,-0.243,10,0,0.13,0,0
121.66,0,2,8.27,165,1,0,-0.289,6,1,0.002,1,0
38.05,0,0,4.57,103,1,0,-0.687,18,6,0.197,2,0
73.27,1,4,3.74,284,1,0,-0.849,10,6,0.001,1,0
0.25,6,7,99.13,6,0,4,5.948,14,6,0.871,0,1
53.5,0,0,8.67,12,1,0,1.177,19,0,0.142,1,0
13.88,1,1,6.6,183,1,0,-0.247,12,3,0.027,1,0
1.99,7,11,117.78,12,1,2,4.087,16,5,0.507,0,1
15.98,0,0,9.18,13,0,0,-0.686,13,0,0.02,0,0
57.07,0,0,0.04,242,1,0,-0.22,19,2,0.014,2,0
1.06,6,6,124.04,10,0,2,2.674,13,2,0.934,0,1
58.32,2,3,8.8,346,1,0,0.74,18,5,0.075,2,0
86.17,2,6,2.37,363,1,0,0.079,18,5,0.239,0,0
1.98,6,6,137.16,3,0,2,5.859,11,0,0.503,0,1
151.6,1,3,5.67,147,1,0,-0.121,21,6,0.192,0,0
51.66,1,3,1.88,337,1,0,0.105,19,5,0.014,0,0
0.79,4,6,139.85,2,1,1,4.066,16,5,0.107,0,1
114.14,1,3,8.7,201,1,0,-0.279,8,6,0.144,0,0
2.4,0,4,9.03,82,1,0,0.711,18,4,0.205,1,0
41.72,1,1,6.42,120,1,0,-0.613,17,5,0.191,2,0
94.76,0,2,9.35,221,1,0,-0.052,9,0,0.212,0,0
104.18,1,4,8.95,205,1,0,0.028,18,1,0.25,2,0
88.37,1,1,3.86,100,1,0,-0.333,16,5,0.084,1,0
64.66,0,0,0.1,107,1,0,0.701,14,2,0.283,0,0
95.89,2,3,7.92,31,1,0,-0.524,16,0,0.14,0,0
146.09,1,5,4.26,61,1,0,1.352,21,1,0.068,2,0
129.23,0,2,9.19,152,1,0,-0.293,8,4,0.08,0,0
102.81,1,5,4.22,161,1,0,0.375,17,1,0.135,2,0
0.12,4,8,100.49,9,0,3,2.925,19,6,0.971,0,1
32.38,0,3,3.82,127,1,0,-0.808,17,5,0.127,1,0
102.03,1,4,4.49,199,1,0,-0.207,7,6,0.159,2,0
13.48,1,1,6.1,267,1,0,1.487,11,0,0.024,1,0
13.16,1,3,0.75,103,1,0,-0.215,10,3,0.085,1,0
1.72,6,6,108.18,1,0,4,5.727,8,0,0.399,0,1
0.37,4,5,95.53,4,0,3,2.536,13,1,0.41,0,1
53.83,0,0,1.04,336,1,0,1.401,12,6,0.235,1,0
46.07,2,4,7.38,333,1,0,0.313,18,1,0.166,0,0
1.49,5,7,66.99,11,1,4,5.218,19,5,0.316,0,1
24.47,1,1,4.6,253,1,0,0.57,9,5,0.259,2,0
106.03,1,4,1.24,245,1,0,0.442,17,4,0.253,0,0
18.03,2,4,5.38,191,1,0,-0.665,9,1,0.252,2,0
11.65,1,1,2.94,361,1,0,-0.254,17,1,0.06,1,0
21.8,2,6,0.56,318,1,0,-0.321,19,2,0.062,0,0
26.57,1,3,4.45,39,1,0,-0.54,19,0,0.3,1,0
0.59,7,8,146.94,4,1,2,5.741,20,0,0.015,0,1
118.94,2,3,1.55,76,1,0,-0.947,20,1,0.28,0,0
61.95,1,3,2.16,175,1,0,-0.885,6,6,0.004,1,0
0.3,4,8,56.46,5,0,4,4.991,10,0,0.616,0,1
0.38,7,7,48.65,1,0,3,3.703,20,6,0.911,0,1
59.65,1,2,9.35,292,1,0,0.026,12,6,0.067,2,0
153.96,2,5,8.17,144,1,0,-0.983,20,3,0.184,2,0
79.81,0,4,0.61,120,0,0,0.321,10,3,0.211,1,0
127.39,1,3,1.54,344,1,0,-0.261,13,5,0.171,0,0
81.45,1,4,9.15,169,1,0,0.079,9,5,0.119,0,0
140.56,0,3,6.38,126,1,0,0.395,17,1,0.203,2,0
17.75,2,4,5.36,129,1,0,0.554,10,0,0.145,0,0
62.36,0,3,5.09,104,1,0,1.351,15,6,0.045,0,0
151.82,2,6,2.6,266,1,0,1.469,20,2,0.048,1,0
146.46,1,2,8.57,329,1,0,0.692,20,3,0.187,0,0
22.27,1,4,8.69,323,1,0,-0.045,9,0,0.196,2,0
67.63,1,1,5.74,216,1,0,-0.885,20,4,0.179,1,0
105.96,1,5,6.89,356,1,0,1.493,19,3,0.229,2,0
68.53,1,3,8.37,184,1,0,0.916,15,4,0.111,0,0
81.93,2,6,9.55,330,1,0,0.241,17,0,0.118,2,0
15.43,1,5,2.88,52,1,0,1.455,16,2,0.067,2,0
157.29,1,1,5.11,63,1,0,-0.162,6,6,0.231,1,0
107.18,1,1,6.43,207,1,0,-0.875,10,3,0.034,0,0
33.0,2,4,0.56,97,1,0,0.887,15,5,0.129,1,0
133.14,2,6,2.63,106,1,0,0.236,11,0,0.074,2,0
60.11,1,1,1.89,182,1,0,-0.454,19,6,0.178,2,0
47.43,1,4,4.0,76,1,0,1.404,20,5,0.261,0,0
116.48,2,3,7.79,249,1,0,1.215,20,1,0.236,1,0
104.7,0,4,4.42,27,1,0,-0.47,14,3,0.096,0,0
141.77,2,2,5.8,65,1,0,1.055,18,0,0.197,0,0
124.28,2,6,5.32,95,1,0,-0.387,17,5,0.183,1,0
88.33,2,6,5.2,280,1,0,0.889,6,1,0.009,0,0
1.63,4,5,51.86,2,1,1,4.613,9,6,0.89,0,1
123.45,2,6,1.16,25,1,0,0.79,11,2,0.184,2,0
56.92,1,2,7.45,122,1,0,-0.522,19,0,0.2,2,0
7.35,0,1,0.63,224,1,0,0.149,9,3,0.115,1,0
54.08,1,3,6.56,80,1,0,0.75,9,0,0.212,0,0
79.28,0,2,1.85,134,1,0,-0.182,15,4,0.089,1,0
146.1,1,5,5.33,355,1,0,0.487,17,0,0.153,2,0
140.76,2,2,2.93,31,1,0,-0.349,7,0,0.059,0,0
23.2,1,2,3.51,303,1,0,-0.39,18,1,0.238,2,0
93.72,0,3,5.19,154,1,0,1.183,20,1,0.228,1,0
81.99,1,4,3.72,242,1,0,0.138,17,6,0.179,0,0
158.82,2,2,1.1,316,1,0,0.519,13,6,0.024,2,0
22.55,2,2,9.51,143,1,0,0.859,17,3,0.082,0,0
75.25,1,2,9.85,148,1,0,-0.726,16,6,0.144,1,0
97.55,1,5,9.94,130,1,0,0.802,9,0,0.092,0,0
12.08,0,4,1.37,188,1,0,0.365,16,5,0.273,1,0
33.23,0,1,4.95,311,1,0,-0.181,18,5,0.267,2,0
1.22,6,10,131.58,2,0,1,4.959,10,3,0.988,0,1
98.93,1,5,3.24,239,1,0,-0.71,14,1,0.036,0,0
101.04,1,1,7.27,77,0,0,0.396,8,5,0.092,1,0
43.57,0,4,4.14,291,1,0,0.446,7,6,0.008,0,0
80.42,2,6,4.03,137,1,0,1.291,11,2,0.052,1,0
0.85,6,8,86.15,4,0,4,3.983,14,0,0.697,0,1
97.46,0,1,0.51,343,1,0,0.771,19,5,0.008,1,0
0.61,4,6,94.0,6,0,1,5.645,6,6,0.663,0,1
123.09,1,5,3.15,97,0,0,-0.57,20,6,0.033,1,0
116.79,2,3,0.45,220,1,0,-0.027,19,4,0.002,2,0
71.81,0,3,3.15,203,1,0,-0.02,15,6,0.233,1,0
35.72,2,4,9.14,311,1,0,0.381,10,3,0.021,2,0
86.68,2,6,3.45,208,0,0,-0.81,13,4,0.074,1,0
69.84,1,3,6.16,348,1,0,1.383,6,6,0.259,2,0
1.81,7,9,124.94,11,0,4,5.279,8,5,0.732,0,1
0.49,5,6,125.26,12,0,1,3.331,8,3,0.719,0,1
126.68,1,3,8.63,64,1,0,1.449,9,4,0.001,1,0
22.78,0,0,0.24,30,1,0,1.253,14,0,0.187,2,0
23.59,2,4,4.24,234,1,0,-0.838,9,6,0.067,1,0
37.36,2,4,7.12,71,1,0,-0.907,18,2,0.106,2,0
0.46,6,10,146.68,4,0,2,5.96,11,6,0.611,0,1
27.42,0,2,8.36,64,1,0,0.649,20,6,0.206,2,0
92.13,0,3,1.87,149,1,0,0.948,12,3,0.221,0,0
77.87,1,5,7.48,55,1,0,1.061,14,3,0.218,2,0
83.24,1,2,3.82,345,1,0,1.116,19,3,0.094,1,0
10.39,2,6,9.26,180,1,0,1.396,10,1,0.017,0,0
0.49,5,7,27.72,8,1,1,3.038,12,3,0.125,0,1
163.92,0,4,0.76,268,1,0,1.079,21,6,0.225,2,0
45.27,0,2,3.41,145,0,0,0.78,16,3,0.189,0,0
87.09,0,4,5.61,199,1,0,0.396,15,3,0.224,2,0
100.5,1,5,2.95,353,1,0,0.138,18,5,0.208,1,0
156.31,2,3,4.55,51,1,0,-0.839,20,5,0.148,1,0
134.19,1,2,8.58,297,1,0,-0.576,17,4,0.186,0,0
1.89,4,8,57.24,13,1,4,3.136,19,4,0.873,0,1
14.87,1,5,1.67,87,1,0,0.643,10,3,0.172,1,0
118.16,1,1,1.8,236,1,0,0.507,13,4,0.164,1,0
145.34,0,3,9.01,58,1,0,0.789,13,1,0.054,1,0
28.83,0,2,3.49,212,1,0,-0.035,19,2,0.164,2,0
119.14,0,3,9.15,335,1,0,-0.099,9,3,0.047,0,0
74.43,0,0,6.83,82,1,0,0.506,16,1,0.036,2,0
67.28,1,1,2.17,321,1,0,0.471,6,1,0.244,0,0
135.78,0,1,0.73,83,1,0,0.961,12,5,0.196,0,0
53.23,1,4,7.83,107,1,0,-0.046,14,1,0.196,2,0
1.0,7,8,143.38,4,0,4,4.79,7,6,0.997,0,1
54.4,0,3,1.79,177,1,0,0.215,6,6,0.167,2,0
98.83,1,2,5.15,216,1,0,-0.939,20,3,0.261,2,0
138.56,2,6,6.21,140,1,0,0.314,17,0,0.259,2,0
105.61,1,3,7.11,51,1,0,-0.262,15,3,0.189,2,0
20.37,1,4,5.56,59,1,0,1.124,14,4,0.098,1,0
164.43,2,6,5.01,129,1,0,-0.571,19,4,0.227,0,0
144.91,0,0,3.14,232,1,0,0.903,19,4,0.218,2,0
30.15,2,5,6.56,77,1,0,1.194,15,6,0.19,0,0
135.59,0,0,6.02,330,1,0,1.425,19,6,0.155,0,0
142.24,2,6,1.74,18,1,0,0.222,13,4,0.114,0,0
109.17,0,2,5.63,131,1,0,-0.374,7,1,0.0,2,0
56.88,2,2,5.33,31,1,0,0.444,7,4,0.206,2,0
136.51,2,4,2.1,120,1,0,0.172,15,2,0.125,2,0
1.88,7,7,98.78,2,0,3,5.935,20,1,0.778,0,1
82.81,1,3,4.72,148,1,0,-0.031,6,4,0.006,0,0
29.1,2,6,4.07,235,1,0,-0.703,13,5,0.174,2,0
36.07,2,5,0.65,336,1,0,0.804,20,1,0.071,2,0
4.15,1,4,4.01,226,1,0,0.347,12,0,0.043,0,0
142.14,2,3,5.2,64,1,0,-0.595,15,3,0.121,1,0
0.53,6,9,69.26,10,1,4,3.871,17,3,0.614,0,1
54.29,0,1,6.21,95,1,0,1.303,15,3,0.242,2,0
93.84,1,1,7.6,174,1,0,0.979,7,3,0.248,0,0
20.57,1,5,6.82,349,1,0,0.298,10,5,0.078,1,0
164.56,2,2,9.77,290,1,0,1.01,6,3,0.21,0,0
0.69,6,6,126.77,13,0,1,3.102,10,5,0.226,0,1
159.65,1,2,1.78,357,1,0,0.406,14,3,0.219,1,0
80.65,1,4,9.62,300,1,0,0.006,8,5,0.084,0,0
156.41,2,3,1.83,130,1,0,0.088,10,6,0.157,0,0
1.72,7,8,51.2,0,0,1,3.846,12,2,0.769,0,1
1.54,5,5,62.64,9,0,1,3.259,8,3,0.792,0,1
0.42,4,4,26.29,8,0,2,3.406,15,4,0.113,0,1
118.03,1,4,1.75,62,1,0,0.516,12,3,0.267,1,0
1.75,7,11,126.18,6,0,3,4.349,10,2,0.423,0,1
149.23,0,0,1.22,139,1,0,0.026,8,6,0.046,0,0
59.36,1,1,0.55,127,1,0,-0.038,8,1,0.137,2,0
66.99,1,1,9.48,224,1,0,1.154,19,4,0.223,0,0
59.82,2,5,3.14,74,1,0,1.081,15,0,0.12,1,0
127.44,1,2,9.4,47,1,0,1.351,17,6,0.115,1,0
144.8,2,6,8.54,38,1,0,0.41,12,0,0.064,1,0
0.75,6,10,31.06,8,1,1,4.867,10,0,0.617,0,1
0.83,6,9,88.6,0,1,2,4.097,19,3,0.106,0,1
132.06,1,3,4.3,13,1,0,0.352,11,6,0.033,2,0
1.47,6,6,96.11,11,1,3,5.085,12,2,0.458,0,1
5.18,1,1,9.41,336,1,0,-0.59,13,1,0.171,2,0
49.73,0,3,3.39,340,1,0,-0.473,14,2,0.195,2,0
40.84,0,1,3.03,39,1,0,0.129,16,4,0.115,2,0
78.67,1,3,7.16,154,1,0,-0.032,8,5,0.165,2,0
159.82,0,4,7.73,306,0,0,0.697,14,2,0.056,0,0
39.09,2,3,1.19,61,1,0,-0.08,21,4,0.266,2,0
36.42,0,0,5.01,338,1,0,-0.224,20,4,0.246,2,0
156.0,0,1,7.46,112,1,0,0.833,7,1,0.21,1,0
166.0,0,2,5.81,327,1,0,0.134,8,2,0.142,1,0
161.91,0,1,6.28,335,1,0,0.744,10,2,0.082,0,0
75.69,1,1,7.84,109,1,0,-0.859,16,3,0.011,0,0
40.14,0,4,4.56,273,0,0,-0.285,14,1,0.132,1,0
86.97,2,2,1.54,304,1,0,0.273,12,0,0.126,1,0
132.04,0,0,4.55,301,1,0,1.073,17,5,0.179,2,0
27.5,1,2,0.64,270,1,0,0.731,20,4,0.073,2,0
64.29,0,0,2.3,173,1,0,-0.992,13,4,0.246,2,0
14.15,1,1,0.88,357,1,0,-0.283,6,2,0.004,2,0
0.25,4,7,118.86,8,1,2,4.757,16,4,0.043,0,1
95.21,1,5,1.1,239,1,0,-0.092,18,0,0.143,0,0
34.69,0,3,7.98,206,1,0,1.072,10,3,0.007,0,0
124.13,2,6,1.39,217,1,0,1.109,19,0,0.107,2,0
167.89,2,5,9.88,31,1,0,-0.98,21,1,0.208,1,0
4.52,2,4,1.53,192,1,0,-0.667,18,4,0.053,1,0
1.29,7,8,28.16,11,0,4,2.749,13,0,0.931,0,1
12.0,1,3,9.71,80,1,0,-0.742,8,5,0.158,1,0
37.28,2,5,0.8,272,1,0,1.409,18,0,0.222,2,0
111.92,2,4,5.45,47,0,0,-0.736,11,2,0.283,1,0
54.76,1,4,9.33,189,1,0,0.373,12,2,0.202,0,0
1.31,4,7,102.47,13,0,2,5.359,18,3,0.557,0,1
8.32,2,4,5.01,194,1,0,-0.061,15,5,0.12,2,0
20.43,0,4,6.74,53,1,0,0.541,14,0,0.159,0,0
59.46,0,4,9.43,134,1,0,0.374,21,0,0.149,2,0
110.04,0,0,1.43,344,1,0,-0.35,15,5,0.178,1,0
26.01,2,6,5.74,311,1,0,0.46,6,3,0.071,1,0
61.39,0,0,8.6,97,1,0,-0.247,12,1,0.122,2,0
97.83,1,1,0.83,172,0,0,1.093,17,3,0.289,2,0
0.65,4,8,133.37,8,0,3,3.618,7,6,0.298,0,1
51.27,0,3,0.75,193,1,0,0.019,14,2,0.243,0,0
148.2,2,2,9.05,31,1,0,0.46,21,6,0.209,2,0
0.9,4,6,81.05,9,0,3,3.529,17,1,0.615,0,1
14.77,2,6,2.2,263,1,0,1.401,20,6,0.065,2,0
110.96,1,1,0.54,182,1,0,0.061,14,0,0.176,1,0
75.2,1,5,4.45,342,1,0,-0.848,18,5,0.129,1,0
43.32,0,0,0.12,192,1,0,0.516,11,0,0.225,1,0
14.97,1,3,1.18,44,1,0,-0.128,13,3,0.251,2,0
162.15,2,4,9.93,335,0,0,1.309,19,4,0.112,1,0
0.25,7,8,21.67,9,0,1,4.02,9,1,0.974,0,1
115.41,0,0,6.93,78,1,0,1.287,18,4,0.08,2,0
142.11,1,4,4.0,111,1,0,0.162,6,6,0.275,2,0
69.66,1,5,9.82,353,0,0,1.13,18,0,0.268,0,0
70.76,2,5,9.69,68,1,0,0.161,19,4,0.289,2,0
73.13,1,3,0.8,298,1,0,1.009,11,1,0.207,2,0
1.94,4,5,116.18,5,1,3,3.526,10,6,0.598,0,1
147.75,1,5,2.45,278,1,0,0.228,19,1,0.186,2,0
131.05,2,6,3.35,29,1,0,1.166,21,4,0.018,2,0
41.21,0,1,5.64,261,1,0,0.195,8,4,0.115,2,0
149.61,2,6,0.9,176,1,0,0.174,20,0,0.116,2,0
132.98,2,6,6.72,94,1,0,0.708,16,0,0.269,0,0
1.33,5,7,100.95,8,1,2,4.117,13,4,0.669,0,1
53.23,2,2,7.09,342,1,0,0.595,15,6,0.278,0,0
147.95,1,4,4.63,139,1,0,1.414,17,0,0.062,0,0
35.89,0,1,2.36,205,1,0,-0.259,11,0,0.172,2,0
97.53,2,6,4.66,68,1,0,0.297,11,4,0.159,1,0
22.82,2,2,0.77,202,0,0,-0.543,16,5,0.149,0,0
63.31,1,5,6.3,273,1,0,-0.94,10,4,0.011,1,0
115.46,1,1,7.13,115,1,0,0.134,6,4,0.182,2,0
165.61,1,5,5.34,16,1,0,1.185,16,2,0.028,2,0
0.5,5,7,78.72,10,0,3,4.215,13,5,0.051,0,1
154.48,1,5,2.57,117,1,0,1.446,9,0,0.282,0,0
73.36,2,3,5.94,63,1,0,-0.047,12,1,0.05,0,0
59.33,1,1,8.47,268,1,0,0.542,20,0,0.206,0,0
0.95,4,7,66.48,6,0,1,3.504,14,5,0.702,0,1
115.53,1,5,4.07,323,1,0,0.067,13,3,0.062,2,0
72.16,0,3,7.52,203,1,0,1.035,16,3,0.252,1,0
128.86,1,3,8.98,121,1,0,0.21,15,2,0.238,0,0
22.4,2,3,4.79,305,1,0,0.157,11,0,0.048,1,0
0.2,5,6,88.41,7,1,2,2.511,14,0,0.135,0,1
146.41,1,3,7.49,240,1,0,0.988,18,5,0.098,2,0
151.92,2,4,8.4,25,1,0,-0.917,8,4,0.118,1,0
99.43,0,1,2.48,45,1,0,-0.826,6,0,0.239,0,0
87.67,0,3,7.09,46,1,0,-0.366,6,0,0.223,2,0
121.94,1,2,3.68,320,1,0,-0.817,17,2,0.203,0,0
121.69,2,5,3.02,147,1,0,-0.77,19,6,0.174,1,0
36.64,1,3,4.5,29,1,0,0.719,16,1,0.052,0,0
1.34,7,9,50.66,13,0,2,4.844,14,5,0.337,0,1
128.59,1,5,5.87,117,1,0,-0.287,21,6,0.059,2,0
97.02,1,5,3.76,334,1,0,1.374,20,5,0.09,0,0
33.46,2,6,2.8,348,1,0,0.178,15,0,0.02,1,0
127.65,0,0,8.75,212,1,0,-0.192,17,0,0.174,1,0
37.09,2,5,0.52,193,1,0,0.699,20,2,0.244,2,0
8.89,0,1,0.18,99,1,0,0.384,21,5,0.246,0,0
59.54,0,0,0.64,35,1,0,1.295,7,5,0.076,0,0
82.9,2,6,3.1,147,1,0,1.327,13,1,0.264,1,0
119.8,1,4,6.45,196,1,0,1.159,15,5,0.072,0,0
1.94,6,7,99.15,12,0,3,3.36,10,4,0.884,0,1
0.92,5,5,130.53,10,0,1,2.632,17,5,0.185,0,1
155.66,2,5,5.34,237,1,0,0.519,15,2,0.186,2,0
1.48,7,7,52.46,4,0,2,2.992,8,2,0.119,0,1
140.8,1,3,8.47,132,1,0,-0.991,7,1,0.135,0,0
1.42,4,4,134.24,2,0,2,5.824,12,6,0.148,0,1
61.52,1,5,7.34,153,1,0,-0.108,16,2,0.188,1,0
123.99,1,3,8.69,184,1,0,0.249,14,4,0.174,2,0
45.95,0,3,8.87,175,1,0,-0.929,16,0,0.202,1,0
154.99,0,1,7.16,41,1,0,-0.845,13,5,0.034,1,0
8.03,1,1,7.3,226,1,0,-0.916,12,2,0.164,2,0
1.61,5,5,44.07,4,0,2,3.331,16,1,0.883,0,1
91.85,0,0,1.17,32,1,0,0.838,14,2,0.15,2,0
137.76,0,4,6.26,93,0,0,-0.985,15,2,0.042,2,0
41.79,2,5,7.88,327,1,0,1.391,9,4,0.116,0,0
56.8,2,4,3.78,133,0,0,1.047,14,6,0.134,2,0
93.53,2,4,1.56,156,1,0,-0.592,9,2,0.024,1,0
150.07,2,2,8.14,30,1,0,1.183,14,6,0.239,1,0
22.05,2,2,8.28,33,0,0,-0.878,15,6,0.111,2,0
155.48,0,3,2.42,315,1,0,-0.285,6,0,0.097,0,0
94.24,1,3,9.1,81,1,0,0.587,13,3,0.019,0,0
119.04,2,2,4.66,170,1,0,0.664,13,2,0.02,1,0
64.12,2,3,7.58,128,1,0,0.486,9,0,0.083,2,0
157.65,2,4,9.6,345,1,0,0.934,21,1,0.156,0,0
26.06,1,5,9.7,208,1,0,-0.208,16,3,0.107,0,0
0.29,5,9,110.93,10,0,1,4.918,19,0,0.906,0,1
123.09,1,1,9.57,112,1,0,-0.744,11,2,0.158,0,0
17.23,2,2,8.71,344,1,0,-0.088,7,2,0.213,1,0
82.23,2,2,4.73,106,1,0,0.827,12,6,0.166,0,0
92.84,0,4,8.28,197,1,0,-0.569,20,1,0.134,1,0
83.07,0,0,3.66,303,1,0,0.596,14,1,0.148,0,0
119.5,2,3,9.43,356,1,0,0.093,7,0,0.127,0,0
151.01,2,5,3.47,59,1,0,-0.017,14,1,0.271,0,0
43.12,1,3,9.83,83,1,0,-0.601,15,4,0.293,1,0
155.95,2,3,6.23,131,1,0,1.453,13,0,0.262,1,0
83.92,1,5,5.3,290,1,0,0.607,6,3,0.18,1,0
136.62,2,6,7.83,135,1,0,1.15,20,5,0.096,0,0
163.75,1,5,8.16,223,1,0,0.026,12,3,0.299,1,0
9.7,0,4,5.98,215,1,0,-0.63,17,0,0.225,0,0
0.33,5,8,21.74,9,0,2,4.126,13,5,0.547,0,1
76.76,2,6,6.15,256,1,0,1.362,10,5,0.134,2,0
72.5,2,6,7.34,288,1,0,-0.588,9,5,0.211,1,0
110.64,0,0,6.39,217,1,0,0.325,9,1,0.216,0,0
123.47,0,0,2.02,67,1,0,1.384,10,5,0.091,2,0
94.61,0,1,6.35,92,1,0,-0.969,17,6,0.262,2,0
33.58,1,5,3.28,323,1,0,-0.222,17,3,0.019,2,0
73.4,0,1,9.83,343,1,0,0.823,20,2,0.251,2,0
148.13,1,5,4.03,74,1,0,-0.397,21,1,0.097,0,0
1.81,6,9,21.91,6,1,1,4.842,18,1,0.129,0,1
32.06,1,2,3.75,278,1,0,1.411,6,5,0.045,1,0
19.73,1,2,6.8,206,1,0,0.84,13,1,0.131,2,0
149.37,0,2,1.85,13,1,0,1.001,8,6,0.077,1,0
46.61,1,4,5.77,40,1,0,-0.514,11,3,0.277,2,0
41.31,0,0,0.13,60,1,0,-0.849,17,4,0.147,0,0
55.82,1,5,5.41,316,1,0,0.265,12,0,0.25,0,0
95.23,1,4,8.22,71,1,0,-0.769,8,5,0.249,1,0
59.91,1,4,9.17,309,1,0,-0.084,7,2,0.27,1,0
15.77,0,1,2.45,354,1,0,-0.9,17,5,0.267,1,0
1.15,6,9,120.26,1,0,4,4.384,13,5,0.432,0,1
55.03,1,3,5.04,262,1,0,1.421,14,3,0.224,2,0
68.84,1,3,8.54,195,1,0,1.467,18,0,0.063,1,0
111.68,1,4,6.63,139,0,0,-0.956,21,4,0.081,0,0
0.82,5,6,109.54,10,0,1,5.564,19,1,0.512,0,1
162.6,1,5,9.93,343,1,0,1.327,17,3,0.252,0,0
29.74,2,6,9.02,273,1,0,0.379,9,5,0.207,2,0
12.84,1,1,5.52,288,1,0,1.444,14,1,0.141,1,0
1.31,4,8,110.55,12,0,4,5.035,18,6,0.78,0,1
15.71,0,1,9.41,26,1,0,-0.571,6,6,0.23,1,0
3.77,2,2,1.36,211,1,0,-0.543,21,6,0.013,2,0
1.72,7,7,145.82,1,0,3,3.433,16,5,0.474,0,1
30.78,2,4,3.13,24,1,0,1.006,8,2,0.182,0,0
87.09,1,1,7.15,164,1,0,0.314,19,1,0.23,0,0
129.59,1,3,0.28,260,1,0,0.89,6,1,0.057,1,0
75.14,0,0,7.07,220,1,0,-0.427,6,5,0.247,1,0
127.29,1,3,7.92,214,1,0,0.514,9,0,0.208,1,0
1.76,4,5,86.02,1,0,1,3.18,8,2,0.925,0,1
152.68,1,3,7.53,246,1,0,0.644,12,5,0.076,2,0
110.88,0,2,3.52,280,1,0,-0.533,12,0,0.148,2,0
0.82,5,7,26.54,7,0,2,4.013,9,5,0.964,0,1
100.16,1,3,8.43,149,1,0,-0.521,11,3,0.006,0,0
69.7,0,0,8.94,286,1,0,-0.214,17,3,0.114,2,0
0.49,5,5,71.34,0,0,1,2.75,15,1,0.557,0,1
114.05,2,4,9.84,184,1,0,1.137,6,3,0.044,1,0
32.68,0,1,0.96,249,1,0,-0.493,6,0,0.056,0,0
142.29,0,1,2.87,324,1,0,-0.197,10,2,0.081,0,0
16.83,1,4,1.02,300,1,0,0.707,13,2,0.103,2,0
0.51,4,4,51.14,13,0,1,5.317,9,4,0.653,0,1
74.98,1,1,7.49,176,1,0,1.076,10,2,0.158,1,0
1.31,6,8,37.84,9,0,4,5.263,13,0,0.431,0,1
101.89,0,1,7.15,266,1,0,-0.852,10,0,0.015,2,0
1.43,7,9,36.99,13,0,2,3.662,18,1,0.697,0,1
10.86,0,4,9.09,71,1,0,-0.418,12,1,0.212,1,0
103.58,1,4,1.7,290,1,0,1.088,19,3,0.222,2,0
83.59,1,2,1.92,183,1,0,-0.309,8,4,0.135,2,0
153.13,0,3,4.68,262,1,0,0.246,14,1,0.245,2,0
4.02,2,2,0.06,32,0,0,-0.73,18,0,0.113,0,0
17.16,2,3,3.39,26,1,0,-0.771,18,4,0.29,2,0
121.45,1,3,3.06,72,1,0,0.008,13,0,0.207,0,0
162.93,1,1,1.39,47,1,0,1.356,8,4,0.227,0,0
34.05,2,4,9.49,226,1,0,-0.696,15,2,0.221,2,0
85.07,0,2,8.46,329,1,0,0.33,18,5,0.215,2,0
60.87,1,5,2.92,99,1,0,-0.244,12,3,0.162,1,0
94.49,1,5,7.78,238,1,0,1.043,11,2,0.217,2,0
1.38,5,9,95.68,4,0,1,5.313,12,3,0.328,0,1
22.43,1,4,7.14,171,1,0,1.039,11,3,0.248,1,0
4.41,1,1,9.5,302,1,0,1.161,10,3,0.079,1,0
0.3,7,8,61.0,8,0,3,5.77,11,6,0.414,0,1
10.41,2,5,7.13,258,1,0,0.397,9,5,0.111,2,0
94.94,0,4,7.1,215,1,0,-0.557,21,2,0.228,0,0
48.16,0,2,1.21,55,1,0,0.241,16,1,0.243,1,0
134.14,0,4,7.09,127,1,0,-0.256,19,0,0.265,2,0
1.31,6,8,117.27,3,0,1,5.688,7,5,0.602,0,1
10.06,2,2,7.1,250,1,0,0.321,7,3,0.167,1,0
49.07,1,5,9.51,134,0,0,1.047,16,0,0.296,0,0
6.1,0,4,4.77,50,1,0,1.073,11,5,0.236,2,0
157.71,0,0,4.12,53,1,0,1.07,16,1,0.188,0,0
10.09,0,2,2.0,188,1,0,0.9,7,0,0.265,2,0
20.72,1,5,6.64,92,1,0,-0.786,20,6,0.276,2,0
87.37,1,5,7.25,139,1,0,0.376,11,6,0.05,2,0
8.3,1,5,3.12,251,1,0,0.578,9,6,0.204,1,0
35.03,0,2,2.8,294,1,0,-0.233,10,0,0.211,1,0
54.09,0,1,5.21,173,1,0,-0.693,19,2,0.257,2,0
134.64,1,2,5.75,7,1,0,0.16,18,4,0.24,1,0
162.52,0,3,2.85,184,1,0,-0.011,19,4,0.171,1,0
