zone_encoded,vehicle_encoded,platform_encoded,avg_daily_income,month,account_age_days,income_percentile,seasonal_index,actual_claims_month,fair_weekly_premium,is_high_risk
2,3,2,1009.73,7,434,0.649,1.6,0,120.0,1
1,3,1,493.38,3,635,0.412,0.8,1,120.0,0
2,0,0,600.64,8,377,0.85,1.55,1,120.0,1
0,0,4,786.41,4,161,0.16,0.85,0,120.0,0
1,0,3,785.95,8,663,0.378,1.55,1,120.0,1
1,2,0,520.3,7,551,0.539,1.6,3,120.0,1
1,2,3,751.52,9,351,0.803,1.3,1,120.0,0
2,0,0,679.78,5,381,0.184,0.95,2,120.0,1
3,0,3,481.13,5,430,0.224,0.95,3,120.0,1
2,0,0,660.57,5,312,0.816,0.95,1,120.0,1
2,3,1,902.34,3,615,0.32,0.8,0,120.0,1
1,3,0,530.81,10,416,0.799,0.8,0,120.0,0
1,0,4,827.32,7,673,0.562,1.6,0,120.0,1
1,2,3,869.69,6,410,0.122,1.4,0,120.0,0
1,0,4,731.22,7,37,0.059,1.6,0,120.0,1
1,0,2,403.24,6,455,0.913,1.4,2,120.0,1
1,0,2,698.33,5,471,0.602,0.95,0,120.0,0
1,3,1,429.54,4,648,0.999,0.85,0,120.0,0
2,3,1,1062.65,11,96,0.112,0.8,1,120.0,1
0,3,0,678.91,1,460,0.32,0.8,1,120.0,0
2,0,2,466.23,8,395,0.096,1.55,2,120.0,1
1,2,1,638.38,5,16,0.972,0.95,0,120.0,0
2,0,0,224.38,9,567,0.441,1.3,2,120.0,1
1,0,1,419.03,11,473,0.712,0.8,1,120.0,0
2,3,3,296.0,6,167,0.399,1.4,1,120.0,1
1,3,0,638.06,8,729,0.604,1.55,1,120.0,1
0,0,2,388.37,7,643,0.396,1.6,0,120.0,0
3,3,3,860.3,10,399,0.964,0.8,1,120.0,1
2,0,3,582.7,4,564,0.927,0.85,0,120.0,1
1,3,0,200.06,3,605,0.968,0.8,0,120.0,0
2,3,1,546.5,7,388,0.317,1.6,1,120.0,1
2,0,0,859.6,11,270,0.219,0.8,1,120.0,1
3,0,4,719.56,7,562,0.511,1.6,4,120.0,1
2,2,2,655.79,6,607,0.467,1.4,2,120.0,1
1,0,1,755.69,3,332,0.645,0.8,1,120.0,0
1,0,3,434.04,11,359,0.848,0.8,0,120.0,0
0,0,2,697.41,2,433,0.003,0.8,1,120.0,0
0,0,2,614.12,10,519,0.535,0.8,0,120.0,0
2,0,2,681.78,4,705,0.682,0.85,0,120.0,1
2,0,2,461.46,3,171,0.919,0.8,1,120.0,1
2,0,0,616.83,12,278,0.824,0.8,1,120.0,1
2,0,0,725.22,12,642,0.725,0.8,2,120.0,1
2,3,2,403.54,10,124,0.68,0.8,1,120.0,1
2,0,4,582.58,9,82,0.737,1.3,2,120.0,1
2,0,0,459.43,11,707,0.801,0.8,1,120.0,1
3,3,0,485.78,5,283,0.109,0.95,1,120.0,1
1,0,4,784.93,4,576,0.807,0.85,2,120.0,0
1,0,1,332.92,5,705,0.379,0.95,0,120.0,0
2,0,1,481.9,8,645,0.931,1.55,2,120.0,1
1,0,4,897.95,11,151,0.506,0.8,1,120.0,0
1,3,3,1000.59,9,496,0.457,1.3,1,120.0,0
3,2,1,705.87,11,550,0.513,0.8,1,120.0,1
0,0,0,636.74,12,451,0.595,0.8,0,120.0,0
1,0,0,592.78,2,549,0.633,0.8,0,120.0,0
2,2,4,561.76,4,183,0.317,0.85,2,120.0,1
1,1,4,251.69,10,456,0.876,0.8,0,120.0,0
1,1,4,519.55,8,303,0.329,1.55,2,120.0,1
2,3,1,604.94,6,396,0.509,1.4,2,120.0,1
1,0,2,841.71,9,161,0.413,1.3,0,120.0,0
2,3,1,575.65,8,697,0.82,1.55,2,120.0,1
1,3,0,639.76,6,410,0.341,1.4,1,120.0,1
1,0,3,537.29,3,154,0.565,0.8,1,120.0,0
1,3,4,545.34,4,1,0.435,0.85,0,120.0,0
2,2,1,409.01,1,434,0.753,0.8,1,120.0,1
3,0,2,532.37,3,627,0.407,0.8,1,120.0,1
1,0,1,506.2,12,598,0.047,0.8,1,120.0,0
0,0,1,789.27,1,465,0.712,0.8,0,120.0,0
2,2,1,940.22,7,468,0.874,1.6,0,120.0,1
1,0,0,909.37,4,15,0.996,0.85,0,120.0,0
0,0,1,493.24,1,116,0.517,0.8,0,120.0,0
1,0,4,581.79,2,132,0.628,0.8,0,120.0,0
2,3,3,467.48,8,613,0.564,1.55,0,120.0,1
3,0,4,629.4,6,206,0.749,1.4,1,120.0,1
1,3,4,667.02,8,600,0.084,1.55,2,120.0,1
2,0,3,324.18,7,132,0.084,1.6,1,120.0,1
1,2,1,868.91,11,715,0.642,0.8,0,120.0,0
1,0,0,354.29,11,73,0.798,0.8,1,120.0,0
2,0,3,758.92,4,196,0.016,0.85,3,120.0,1
1,0,3,857.92,5,160,0.896,0.95,1,120.0,0
1,3,3,699.05,7,499,0.101,1.6,1,120.0,1
1,1,3,516.99,3,465,0.138,0.8,1,120.0,0
3,0,4,549.9,7,532,0.811,1.6,4,120.0,1
0,3,3,615.56,1,461,0.126,0.8,0,120.0,0
2,0,1,766.17,5,706,0.168,0.95,0,120.0,1
1,3,0,670.68,1,728,0.413,0.8,1,120.0,0
2,2,0,632.31,1,324,0.924,0.8,0,120.0,1
0,3,2,1047.83,6,633,0.972,1.4,0,120.0,0
2,0,1,1005.91,11,454,0.815,0.8,0,120.0,1
1,0,4,532.38,12,589,0.681,0.8,0,120.0,0
2,0,1,401.44,9,117,0.918,1.3,0,120.0,1
1,3,1,826.24,3,43,0.75,0.8,1,120.0,0
2,3,0,723.5,6,688,0.685,1.4,3,120.0,1
0,3,4,956.69,1,471,0.025,0.8,0,120.0,0
0,2,4,888.9,2,515,0.222,0.8,0,120.0,0
2,1,4,662.01,4,38,0.658,0.85,3,120.0,1
0,0,2,593.78,4,498,0.059,0.85,0,120.0,0
2,0,1,1124.88,3,490,0.278,0.8,1,120.0,1
0,2,3,1063.41,3,605,0.395,0.8,0,120.0,0
2,0,1,451.68,2,44,0.621,0.8,3,120.0,1
1,2,2,640.73,8,667,0.621,1.55,1,120.0,1
2,0,1,200.0,3,31,0.702,0.8,2,120.0,1
2,0,3,1209.47,10,139,0.123,0.8,0,120.0,1
2,1,2,618.23,10,471,0.979,0.8,1,120.0,1
3,0,3,304.17,8,722,0.87,1.55,1,120.0,1
0,3,2,562.47,5,29,0.878,0.95,0,120.0,0
0,3,0,644.08,10,342,0.232,0.8,0,120.0,0
2,0,0,354.69,2,539,0.649,0.8,0,120.0,1
3,0,2,528.41,6,533,0.589,1.4,3,120.0,1
1,0,3,396.43,2,190,0.723,0.8,1,120.0,0
1,0,3,612.94,3,671,0.968,0.8,0,120.0,0
0,0,4,829.29,8,103,0.552,1.55,0,120.0,0
0,3,1,616.11,7,476,0.448,1.6,0,120.0,0
1,2,0,557.53,11,241,0.704,0.8,1,120.0,0
1,3,2,489.53,2,654,0.861,0.8,1,120.0,0
1,0,1,880.6,2,117,0.939,0.8,1,120.0,0
3,0,1,575.16,11,662,0.661,0.8,2,120.0,1
1,0,0,455.44,9,524,0.053,1.3,0,120.0,0
2,1,1,637.35,8,507,0.49,1.55,1,120.0,1
3,3,3,476.55,8,274,0.218,1.55,2,120.0,1
2,3,1,512.99,12,428,0.711,0.8,2,120.0,1
1,3,3,686.36,7,625,0.052,1.6,0,120.0,1
1,3,2,403.19,1,184,0.212,0.8,0,120.0,0
2,3,1,550.96,8,578,0.616,1.55,1,120.0,1
2,3,1,837.11,8,166,0.242,1.55,1,120.0,1
1,0,4,677.98,6,714,0.562,1.4,2,120.0,1
1,0,1,1090.53,11,193,0.946,0.8,2,120.0,0
2,0,3,729.68,7,569,0.487,1.6,2,120.0,1
2,0,1,1035.31,11,325,0.084,0.8,0,120.0,1
0,3,1,635.41,5,272,0.333,0.95,0,120.0,0
1,0,0,608.7,9,615,0.593,1.3,2,120.0,0
1,0,4,821.49,1,613,0.629,0.8,0,120.0,0
2,3,2,911.84,8,147,0.372,1.55,2,120.0,1
2,0,1,1035.65,4,84,0.782,0.85,1,120.0,1
0,3,4,809.54,8,20,0.882,1.55,0,120.0,0
2,0,0,773.67,11,55,0.669,0.8,0,120.0,1
3,1,4,696.24,7,377,0.22,1.6,4,120.0,1
1,3,0,638.23,3,537,0.649,0.8,0,120.0,0
1,2,4,610.82,7,41,0.611,1.6,0,120.0,1
0,0,0,389.5,9,117,0.572,1.3,0,120.0,0
1,0,3,595.81,6,55,0.206,1.4,1,120.0,1
1,0,2,1160.97,2,286,0.378,0.8,0,120.0,0
1,0,0,511.6,7,124,0.624,1.6,1,120.0,1
1,0,1,576.08,6,163,0.617,1.4,0,120.0,1
0,0,4,273.77,5,50,0.173,0.95,0,104.81,0
2,0,1,700.89,2,251,0.843,0.8,0,120.0,1
3,0,0,836.41,1,704,0.575,0.8,1,120.0,1
2,1,4,935.61,5,81,0.807,0.95,2,120.0,1
2,0,4,1045.31,10,43,0.042,0.8,0,120.0,1
1,3,0,532.99,2,479,0.246,0.8,0,120.0,0
1,2,1,599.12,12,443,0.601,0.8,1,120.0,0
2,3,4,561.38,7,354,0.323,1.6,1,120.0,1
1,0,1,551.3,8,208,0.428,1.55,1,120.0,1
0,3,2,809.78,9,446,0.755,1.3,0,120.0,0
2,0,4,462.37,4,253,0.781,0.85,1,120.0,1
0,0,4,296.4,4,160,0.118,0.85,0,101.53,0
1,0,0,367.31,9,275,0.565,1.3,1,120.0,0
2,0,1,696.19,8,538,0.751,1.55,2,120.0,1
0,3,4,804.56,5,422,0.676,0.95,0,120.0,0
1,0,2,479.59,12,554,0.653,0.8,1,120.0,0
2,3,0,1083.73,1,213,0.159,0.8,0,120.0,1
1,2,3,1026.51,10,86,0.876,0.8,0,120.0,0
1,0,4,524.97,10,221,0.319,0.8,0,120.0,0
0,2,0,648.78,5,368,0.29,0.95,0,120.0,0
2,0,0,622.48,10,403,0.379,0.8,1,120.0,1
1,1,1,601.53,11,602,0.714,0.8,0,120.0,0
1,0,4,200.0,8,49,0.932,1.55,1,120.0,1
3,2,2,846.06,12,719,0.387,0.8,1,120.0,1
0,1,3,426.09,10,239,0.963,0.8,0,120.0,0
1,3,1,666.68,3,647,0.622,0.8,0,120.0,0
1,0,3,696.8,8,4,0.011,1.55,1,120.0,1
1,3,4,970.25,5,518,0.573,0.95,2,120.0,0
1,3,0,706.13,5,81,0.848,0.95,0,120.0,0
0,2,0,846.2,1,549,0.763,0.8,1,120.0,0
1,3,3,657.67,11,67,0.885,0.8,0,120.0,0
2,0,1,684.71,10,3,0.755,0.8,0,120.0,1
3,3,4,533.06,7,143,0.656,1.6,2,120.0,1
1,2,3,641.8,8,629,0.289,1.55,0,120.0,1
2,0,4,751.19,2,33,0.434,0.8,0,120.0,1
0,2,1,629.73,11,46,0.239,0.8,0,120.0,0
2,0,2,637.91,10,98,0.311,0.8,0,120.0,1
2,0,2,578.28,12,546,0.801,0.8,0,120.0,1
1,3,3,364.48,10,267,0.477,0.8,0,120.0,0
1,3,4,724.3,1,50,0.913,0.8,0,120.0,0
1,0,2,512.9,10,31,0.1,0.8,1,120.0,0
0,3,3,516.79,2,475,0.978,0.8,0,120.0,0
0,2,0,294.6,9,168,0.834,1.3,0,120.0,0
1,3,3,643.08,6,237,0.919,1.4,1,120.0,1
0,1,4,699.62,10,346,0.276,0.8,0,120.0,0
1,0,1,469.55,8,545,0.499,1.55,0,120.0,1
3,1,1,759.05,2,558,0.225,0.8,1,120.0,1
2,3,2,636.28,5,587,0.155,0.95,0,120.0,1
1,0,0,872.83,12,434,0.949,0.8,1,120.0,0
0,3,1,840.86,10,193,0.885,0.8,0,120.0,0
0,0,0,490.39,1,687,0.068,0.8,0,120.0,0
0,1,3,538.9,11,460,0.582,0.8,1,120.0,0
3,0,1,608.09,7,26,0.244,1.6,3,120.0,1
0,2,0,528.82,5,633,0.157,0.95,0,120.0,0
0,3,1,559.41,10,118,0.169,0.8,0,120.0,0
1,0,4,703.91,3,435,0.602,0.8,1,120.0,0
2,2,4,521.98,2,139,0.733,0.8,0,120.0,1
1,2,1,470.23,7,262,0.861,1.6,0,120.0,1
0,0,1,682.87,11,210,0.303,0.8,0,120.0,0
1,0,3,538.74,2,209,0.172,0.8,0,120.0,0
0,3,2,841.93,10,299,0.583,0.8,0,120.0,0
0,1,0,714.61,6,512,0.809,1.4,1,120.0,0
2,3,3,620.01,8,82,0.936,1.55,0,120.0,1
1,3,1,807.89,8,268,0.021,1.55,1,120.0,1
2,0,0,461.88,5,565,0.156,0.95,2,120.0,1
1,3,0,734.16,5,223,0.864,0.95,0,120.0,0
2,2,2,679.99,7,173,0.428,1.6,3,120.0,1
1,1,2,523.56,11,9,0.251,0.8,1,120.0,0
1,2,4,488.04,3,282,0.337,0.8,0,120.0,0
0,2,2,707.31,8,326,0.577,1.55,2,120.0,0
0,0,4,727.8,4,703,0.924,0.85,1,120.0,0
2,3,3,1049.94,5,420,0.052,0.95,2,120.0,1
2,3,2,873.95,8,697,0.599,1.55,0,120.0,1
0,3,1,966.11,8,114,0.938,1.55,0,120.0,0
2,0,1,664.04,11,516,0.313,0.8,0,120.0,1
2,3,1,601.13,4,107,0.846,0.85,2,120.0,1
3,3,1,487.59,11,171,0.958,0.8,2,120.0,1
1,0,0,889.39,1,398,0.302,0.8,1,120.0,0
2,3,1,687.84,6,446,0.731,1.4,1,120.0,1
1,0,2,283.48,8,593,0.554,1.55,1,120.0,1
2,3,4,867.89,8,577,0.475,1.55,1,120.0,1
1,0,2,683.66,12,463,0.831,0.8,2,120.0,0
2,2,3,972.43,7,694,0.647,1.6,2,120.0,1
1,0,2,649.6,3,608,0.632,0.8,0,120.0,0
1,0,4,486.09,8,207,0.347,1.55,0,120.0,1
2,3,3,830.22,4,282,0.376,0.85,0,120.0,1
1,2,1,617.1,12,425,0.778,0.8,0,120.0,0
1,1,1,740.29,3,366,0.197,0.8,0,120.0,0
3,0,3,530.26,5,444,0.195,0.95,1,120.0,1
1,0,2,991.42,10,350,0.026,0.8,1,120.0,0
2,3,4,626.48,4,18,0.486,0.85,0,120.0,1
2,1,2,398.18,6,218,0.72,1.4,1,120.0,1
1,0,3,420.68,12,474,0.98,0.8,0,120.0,0
2,0,1,888.91,2,355,0.026,0.8,1,120.0,1
0,0,4,508.89,2,501,0.068,0.8,0,120.0,0
1,2,3,586.25,1,427,0.737,0.8,1,120.0,0
1,0,1,822.39,7,386,0.641,1.6,0,120.0,1
0,3,0,839.25,7,698,0.069,1.6,1,120.0,0
1,2,0,872.11,12,651,0.557,0.8,1,120.0,0
2,0,2,654.1,6,451,0.228,1.4,3,120.0,1
2,0,4,749.22,5,109,0.156,0.95,0,120.0,1
1,3,1,507.25,3,570,0.204,0.8,0,120.0,0
1,2,2,759.3,1,668,0.784,0.8,1,120.0,0
0,2,2,556.09,6,114,0.584,1.4,0,120.0,0
1,2,2,873.48,11,196,0.731,0.8,0,120.0,0
1,3,2,687.63,9,308,0.486,1.3,0,120.0,0
1,2,0,816.89,4,618,0.358,0.85,0,120.0,0
2,1,1,618.38,7,479,0.146,1.6,2,120.0,1
3,1,4,816.79,6,267,0.224,1.4,2,120.0,1
2,1,1,305.73,11,158,0.923,0.8,0,120.0,1
1,2,3,544.26,10,309,0.932,0.8,0,120.0,0
3,1,4,764.99,11,316,0.974,0.8,0,120.0,1
2,2,2,914.33,5,551,0.427,0.95,1,120.0,1
0,3,1,587.23,8,657,0.21,1.55,0,120.0,0
2,1,2,399.06,9,398,0.236,1.3,1,120.0,1
2,0,2,632.6,10,713,0.884,0.8,0,120.0,1
1,0,2,794.37,7,81,0.671,1.6,0,120.0,1
2,0,2,699.18,4,601,0.243,0.85,1,120.0,1
1,0,0,655.06,8,525,0.835,1.55,2,120.0,1
0,0,0,681.75,11,474,0.947,0.8,0,120.0,0
2,1,4,603.05,11,56,0.011,0.8,3,120.0,1
3,3,4,842.34,7,539,0.256,1.6,3,120.0,1
3,0,1,693.18,12,600,0.469,0.8,1,120.0,1
1,0,3,661.0,1,176,0.278,0.8,0,120.0,0
0,0,4,772.83,9,477,0.463,1.3,0,120.0,0
1,3,2,662.41,12,179,0.069,0.8,1,120.0,0
1,2,3,789.92,11,698,0.709,0.8,0,120.0,0
1,3,3,731.44,5,187,0.663,0.95,0,120.0,0
2,3,2,1094.21,7,489,0.542,1.6,2,120.0,1
2,3,4,471.07,9,271,0.907,1.3,1,120.0,1
2,3,4,608.69,4,414,0.859,0.85,0,120.0,1
2,3,2,641.12,4,683,0.185,0.85,1,120.0,1
3,0,4,931.69,7,129,0.135,1.6,3,120.0,1
2,2,2,353.66,4,563,0.737,0.85,0,120.0,1
1,3,3,388.57,2,327,0.69,0.8,0,120.0,0
3,0,3,661.37,12,65,0.319,0.8,2,120.0,1
1,0,4,721.53,12,357,0.729,0.8,0,120.0,0
0,0,3,1029.56,4,657,0.589,0.85,1,120.0,0
2,2,4,811.22,4,32,0.195,0.85,0,120.0,1
0,0,3,482.2,2,320,0.298,0.8,1,120.0,0
2,0,1,752.81,11,168,0.462,0.8,1,120.0,1
2,0,1,707.23,3,425,0.889,0.8,0,120.0,1
1,3,3,527.36,12,600,0.614,0.8,0,120.0,0
1,0,3,517.63,3,413,0.109,0.8,1,120.0,0
1,3,4,544.96,3,474,0.498,0.8,0,120.0,0
0,3,0,440.3,10,84,0.213,0.8,0,120.0,0
1,0,1,683.49,1,695,0.86,0.8,0,120.0,0
1,0,1,392.96,11,727,0.375,0.8,0,120.0,0
3,3,2,581.88,11,537,0.315,0.8,0,120.0,1
2,2,1,1037.99,2,283,0.279,0.8,0,120.0,1
1,1,0,440.53,1,65,0.442,0.8,0,120.0,0
1,0,4,652.37,8,615,0.542,1.55,1,120.0,1
0,3,0,574.68,2,400,0.379,0.8,0,120.0,0
0,3,1,574.96,2,337,0.848,0.8,0,120.0,0
2,3,4,409.26,10,326,0.585,0.8,1,120.0,1
2,1,4,740.08,7,145,0.993,1.6,2,120.0,1
1,1,0,731.18,5,213,0.803,0.95,1,120.0,0
2,2,0,603.83,12,409,0.241,0.8,1,120.0,1
1,0,0,439.42,1,678,0.396,0.8,0,120.0,0
2,0,4,684.25,6,667,0.383,1.4,1,120.0,1
1,0,0,732.29,11,86,0.041,0.8,1,120.0,0
1,0,0,814.6,9,262,0.284,1.3,0,120.0,0
2,0,2,431.14,5,105,0.159,0.95,1,120.0,1
0,2,0,745.75,3,41,0.743,0.8,1,120.0,0
0,0,0,382.11,5,495,0.196,0.95,0,120.0,0
1,0,4,703.35,10,588,0.187,0.8,1,120.0,0
2,2,4,392.86,8,90,0.795,1.55,2,120.0,1
2,3,0,535.88,12,453,0.054,0.8,2,120.0,1
2,0,4,605.52,11,191,0.022,0.8,2,120.0,1
2,2,1,510.15,3,501,0.069,0.8,2,120.0,1
3,3,3,843.87,9,434,0.487,1.3,2,120.0,1
2,2,0,334.88,8,531,0.855,1.55,1,120.0,1
0,0,0,728.79,5,106,0.512,0.95,0,120.0,0
2,0,1,765.21,7,507,0.112,1.6,2,120.0,1
2,0,3,429.01,9,710,0.176,1.3,0,120.0,1
0,0,3,798.59,7,94,0.182,1.6,1,120.0,0
2,0,3,200.0,8,56,0.9,1.55,1,120.0,1
1,0,0,302.43,5,570,0.448,0.95,1,120.0,0
1,0,1,730.78,2,624,0.815,0.8,0,120.0,0
1,0,3,263.9,10,371,0.028,0.8,0,120.0,0
1,1,3,396.8,9,124,0.165,1.3,1,120.0,1
1,3,2,677.72,2,160,0.958,0.8,0,120.0,0
2,0,1,921.23,12,634,0.501,0.8,2,120.0,1
1,2,1,565.21,7,229,0.403,1.6,1,120.0,1
1,0,1,744.0,12,564,0.8,0.8,1,120.0,0
0,3,1,267.66,10,163,0.623,0.8,0,86.29,0
1,0,0,886.0,2,338,0.426,0.8,0,120.0,0
0,0,4,768.08,3,484,0.625,0.8,1,120.0,0
0,0,2,581.17,6,421,0.825,1.4,0,120.0,0
1,3,1,437.46,9,611,0.332,1.3,0,120.0,0
1,0,3,211.09,12,576,0.075,0.8,0,120.0,0
0,3,3,572.28,6,214,0.67,1.4,0,120.0,0
2,2,1,605.86,1,721,0.195,0.8,0,120.0,1
3,0,2,584.94,1,618,0.156,0.8,3,120.0,1
3,0,2,351.72,11,565,0.951,0.8,1,120.0,1
1,0,1,490.25,11,615,0.885,0.8,0,120.0,0
0,0,0,811.01,8,156,0.124,1.55,1,120.0,0
0,0,0,565.54,2,253,0.416,0.8,0,120.0,0
0,1,2,371.2,12,106,0.656,0.8,0,120.0,0
0,2,0,769.37,1,116,0.122,0.8,0,120.0,0
1,0,2,467.91,6,451,0.319,1.4,0,120.0,1
3,0,2,834.23,4,535,0.064,0.85,1,120.0,1
1,2,0,489.43,9,77,0.482,1.3,0,120.0,0
0,0,4,652.79,11,580,0.595,0.8,0,120.0,0
2,0,3,200.0,7,526,0.97,1.6,2,120.0,1
3,0,0,250.77,5,472,0.193,0.95,0,120.0,1
1,2,4,606.47,7,272,0.911,1.6,2,120.0,1
2,1,3,836.4,2,625,0.464,0.8,2,120.0,1
3,0,4,540.61,1,316,0.616,0.8,0,120.0,1
1,3,3,403.7,11,729,0.731,0.8,0,120.0,0
0,0,4,410.23,10,577,0.48,0.8,0,120.0,0
2,3,4,954.23,9,549,0.646,1.3,1,120.0,1
0,3,2,739.75,1,276,0.509,0.8,1,120.0,0
1,0,2,624.65,2,717,0.162,0.8,0,120.0,0
0,0,1,491.31,4,134,0.955,0.85,0,120.0,0
1,0,0,684.99,4,488,0.183,0.85,1,120.0,0
1,1,1,758.5,7,115,0.923,1.6,0,120.0,1
1,3,1,831.44,10,178,0.338,0.8,1,120.0,0
0,3,4,780.25,2,276,0.561,0.8,0,120.0,0
0,0,4,508.41,10,274,0.339,0.8,1,120.0,0
1,0,1,793.2,7,407,0.937,1.6,0,120.0,1
1,0,4,671.02,6,716,0.377,1.4,0,120.0,1
0,2,0,642.49,3,483,0.468,0.8,0,120.0,0
3,3,2,824.47,8,74,0.576,1.55,0,120.0,1
2,3,4,979.35,11,507,0.822,0.8,0,120.0,1
2,0,3,1046.21,4,423,0.652,0.85,2,120.0,1
0,2,0,548.59,5,25,0.56,0.95,0,120.0,0
1,3,0,394.39,4,435,0.402,0.85,0,120.0,0
1,3,3,451.42,11,557,0.999,0.8,0,120.0,0
1,3,2,892.11,4,352,0.515,0.85,0,120.0,0
3,0,4,222.65,3,495,0.05,0.8,2,120.0,1
0,0,3,681.98,2,8,0.954,0.8,1,120.0,0
2,0,0,712.47,10,10,0.974,0.8,0,120.0,1
0,3,1,855.72,5,174,0.538,0.95,0,120.0,0
0,0,1,690.8,7,193,0.718,1.6,0,120.0,0
2,0,4,913.74,3,425,0.879,0.8,0,120.0,1
1,0,0,417.31,1,411,0.562,0.8,0,120.0,0
2,3,2,659.1,5,126,0.64,0.95,0,120.0,1
2,3,4,475.65,9,495,0.006,1.3,2,120.0,1
0,0,0,774.63,10,9,0.712,0.8,0,120.0,0
2,1,3,743.18,10,102,0.737,0.8,1,120.0,1
2,3,4,488.89,5,181,0.476,0.95,1,120.0,1
3,2,3,936.07,1,686,0.482,0.8,0,120.0,1
0,0,0,829.81,2,505,0.241,0.8,1,120.0,0
1,0,4,338.71,11,363,0.267,0.8,0,120.0,0
1,2,3,830.95,5,651,0.956,0.95,1,120.0,0
2,2,2,619.97,11,455,0.364,0.8,1,120.0,1
2,0,1,1105.93,11,423,0.681,0.8,1,120.0,1
2,1,4,503.72,11,163,0.294,0.8,3,120.0,1
1,0,1,743.59,12,191,0.878,0.8,1,120.0,0
2,0,2,1013.78,2,359,0.447,0.8,0,120.0,1
1,0,4,674.09,2,200,0.225,0.8,1,120.0,0
1,3,4,536.87,3,51,0.686,0.8,1,120.0,0
0,0,2,698.57,10,505,0.977,0.8,0,120.0,0
1,3,1,614.88,9,497,0.773,1.3,0,120.0,0
1,2,1,352.65,9,498,0.917,1.3,2,120.0,0
1,0,3,609.08,6,146,0.752,1.4,0,120.0,1
1,0,2,742.24,1,412,0.238,0.8,1,120.0,0
0,0,3,711.41,2,710,0.174,0.8,0,120.0,0
2,3,3,707.93,5,596,0.086,0.95,1,120.0,1
0,0,1,873.72,12,618,0.395,0.8,0,120.0,0
0,0,1,713.26,7,154,0.101,1.6,0,120.0,0
2,3,1,201.07,9,720,0.813,1.3,0,120.0,1
2,0,4,675.85,8,585,0.519,1.55,1,120.0,1
3,0,0,537.32,5,495,0.039,0.95,1,120.0,1
3,0,3,283.97,1,612,0.561,0.8,1,120.0,1
1,0,0,421.21,12,406,0.017,0.8,0,120.0,0
1,0,2,455.91,3,525,0.321,0.8,2,120.0,0
2,0,0,533.55,3,363,0.881,0.8,1,120.0,1
1,3,4,428.91,5,705,0.604,0.95,0,120.0,0
1,2,2,564.73,12,467,0.047,0.8,1,120.0,0
0,0,0,705.06,9,604,0.12,1.3,0,120.0,0
0,3,4,920.1,4,223,0.731,0.85,1,120.0,0
2,2,2,819.82,2,233,0.286,0.8,0,120.0,1
1,3,1,349.66,6,589,0.805,1.4,1,120.0,1
1,0,2,296.21,9,356,0.242,1.3,1,120.0,0
2,2,1,652.49,7,60,0.055,1.6,2,120.0,1
1,1,4,898.66,9,658,0.439,1.3,0,120.0,1
1,0,2,450.93,3,189,0.423,0.8,0,120.0,0
0,3,0,223.14,5,248,0.423,0.95,0,85.43,0
3,0,0,817.68,9,678,0.339,1.3,3,120.0,1
0,1,2,663.46,5,172,0.645,0.95,1,120.0,0
2,3,4,877.56,2,87,0.576,0.8,1,120.0,1
1,2,3,907.12,9,538,0.189,1.3,1,120.0,0
2,0,3,819.23,8,348,0.535,1.55,1,120.0,1
1,3,4,396.0,9,211,0.001,1.3,0,120.0,0
1,0,3,778.65,2,564,0.575,0.8,0,120.0,0
1,0,0,462.07,7,639,0.13,1.6,1,120.0,1
2,0,4,387.06,12,256,0.502,0.8,1,120.0,1
0,0,0,1060.15,7,688,0.979,1.6,0,120.0,0
2,2,0,572.56,9,38,0.315,1.3,1,120.0,1
2,3,4,926.32,5,323,0.741,0.95,1,120.0,1
1,3,4,588.46,9,72,0.487,1.3,1,120.0,0
2,0,0,730.34,5,545,0.589,0.95,0,120.0,1
1,3,2,839.05,4,285,0.996,0.85,0,120.0,0
1,0,2,808.87,10,151,0.213,0.8,0,120.0,0
1,2,2,556.31,3,64,0.838,0.8,0,120.0,0
2,3,4,523.49,6,489,0.931,1.4,1,120.0,1
0,0,2,644.53,8,64,0.958,1.55,0,120.0,0
1,2,4,470.16,11,166,0.8,0.8,0,120.0,0
1,0,1,952.29,9,672,0.359,1.3,1,120.0,0
0,0,4,653.55,9,216,0.482,1.3,0,120.0,0
1,0,3,879.02,2,123,0.23,0.8,0,120.0,0
0,1,2,370.6,7,452,0.395,1.6,0,120.0,0
1,2,1,335.61,2,727,0.693,0.8,0,120.0,0
1,3,3,672.82,11,209,0.569,0.8,0,120.0,0
2,0,3,777.96,4,6,0.614,0.85,2,120.0,1
2,0,2,731.43,3,595,0.778,0.8,1,120.0,1
2,0,1,727.52,6,6,0.775,1.4,3,120.0,1
2,2,2,767.53,1,423,0.685,0.8,0,120.0,1
1,3,4,471.0,4,399,0.68,0.85,1,120.0,0
2,0,3,442.13,1,702,0.717,0.8,0,120.0,1
0,0,2,643.23,8,529,0.764,1.55,0,120.0,0
2,0,4,742.2,9,567,0.687,1.3,2,120.0,1
2,0,1,484.26,9,519,0.0,1.3,1,120.0,1
1,0,2,623.05,10,713,0.557,0.8,1,120.0,0
2,0,2,457.96,5,699,0.661,0.95,1,120.0,1
0,0,3,512.65,1,47,0.843,0.8,0,120.0,0
0,3,3,563.51,8,218,0.156,1.55,0,120.0,0
0,0,2,657.72,2,152,0.731,0.8,0,120.0,0
2,0,2,836.32,9,608,0.179,1.3,0,120.0,1
1,0,2,268.39,9,109,0.097,1.3,1,120.0,0
1,2,4,551.81,5,147,0.889,0.95,0,120.0,0
2,3,4,1025.98,3,410,0.666,0.8,0,120.0,1
1,2,1,878.7,5,404,0.644,0.95,1,120.0,0
1,2,1,663.98,5,42,0.214,0.95,0,120.0,0
1,0,0,839.48,4,136,0.468,0.85,0,120.0,0
2,3,0,672.39,8,131,0.616,1.55,2,120.0,1
1,2,1,537.2,2,16,0.674,0.8,0,120.0,0
2,0,0,208.66,12,1,0.028,0.8,0,120.0,1
1,0,1,390.97,9,19,0.253,1.3,0,120.0,0
1,2,2,541.4,3,379,0.854,0.8,0,120.0,0
1,0,0,520.09,2,89,0.655,0.8,0,120.0,0
0,0,0,805.1,9,655,0.658,1.3,1,120.0,0
2,0,1,893.7,3,80,0.802,0.8,0,120.0,1
0,2,4,771.55,11,522,0.643,0.8,0,120.0,0
2,0,0,433.61,9,78,0.18,1.3,1,120.0,1
2,3,4,648.72,10,728,0.099,0.8,2,120.0,1
2,1,4,552.41,7,613,0.018,1.6,2,120.0,1
3,0,0,693.26,8,7,0.252,1.55,3,120.0,1
2,0,1,388.1,2,566,0.471,0.8,1,120.0,1
1,3,0,405.54,12,21,0.708,0.8,1,120.0,0
0,2,2,796.36,7,101,0.311,1.6,1,120.0,0
2,0,4,992.18,11,195,0.289,0.8,0,120.0,1
2,1,2,965.96,4,50,0.061,0.85,2,120.0,1
2,0,2,830.75,1,589,0.554,0.8,0,120.0,1
1,0,2,807.14,1,534,0.998,0.8,1,120.0,0
2,2,2,772.7,8,367,0.348,1.55,2,120.0,1
2,1,2,783.34,8,225,0.915,1.55,0,120.0,1
0,1,0,396.38,8,184,0.423,1.55,0,120.0,0
3,3,0,376.98,8,509,0.301,1.55,4,120.0,1
1,0,0,403.81,10,713,0.798,0.8,1,120.0,0
1,0,3,648.02,3,202,0.547,0.8,1,120.0,0
2,3,2,347.34,6,40,0.763,1.4,0,120.0,1
2,0,2,879.27,9,219,0.477,1.3,1,120.0,1
2,0,3,710.5,1,441,0.196,0.8,0,120.0,1
2,0,1,441.01,5,333,0.349,0.95,3,120.0,1
0,2,2,820.95,5,644,0.106,0.95,1,120.0,0
3,0,3,711.84,6,462,0.564,1.4,2,120.0,1
1,0,2,659.4,3,290,0.38,0.8,1,120.0,0
0,3,1,394.5,8,650,0.827,1.55,0,120.0,0
1,2,4,425.5,3,200,0.809,0.8,0,120.0,0
3,2,4,624.79,2,331,0.695,0.8,2,120.0,1
2,3,0,858.59,9,391,0.961,1.3,0,120.0,1
1,3,1,501.57,12,59,0.659,0.8,0,120.0,0
0,2,4,772.49,10,422,0.444,0.8,0,120.0,0
1,2,4,657.87,4,452,0.545,0.85,1,120.0,0
0,2,2,747.61,7,687,0.444,1.6,1,120.0,0
0,0,3,532.64,7,662,0.351,1.6,0,120.0,0
1,0,1,668.4,8,273,0.894,1.55,3,120.0,1
1,0,3,782.24,1,589,0.746,0.8,0,120.0,0
1,0,3,1063.78,9,389,0.016,1.3,1,120.0,0
2,0,0,852.38,6,612,0.094,1.4,1,120.0,1
1,0,1,578.96,2,293,0.688,0.8,0,120.0,0
1,2,2,889.77,1,138,0.254,0.8,0,120.0,0
1,2,0,1073.17,6,370,0.047,1.4,0,120.0,0
2,2,0,666.62,5,8,0.503,0.95,2,120.0,1
1,2,3,486.28,8,100,0.675,1.55,1,120.0,1
3,0,4,927.88,8,621,0.151,1.55,3,120.0,1
0,3,4,414.0,7,219,0.303,1.6,0,120.0,0
1,2,3,440.9,1,479,0.865,0.8,1,120.0,0
0,3,4,815.61,12,243,0.603,0.8,0,120.0,0
2,3,0,623.53,2,138,0.511,0.8,1,120.0,1
0,0,3,640.84,6,92,0.671,1.4,0,120.0,0
2,2,4,754.78,6,255,0.446,1.4,2,120.0,1
2,1,3,455.09,4,525,0.503,0.85,1,120.0,1
1,3,3,586.91,12,18,0.27,0.8,1,120.0,0
3,0,2,293.68,2,633,0.536,0.8,1,120.0,1
1,1,4,645.11,10,728,0.776,0.8,1,120.0,0
1,1,0,502.27,12,696,0.925,0.8,0,120.0,0
1,3,3,644.85,11,590,0.119,0.8,0,120.0,0
0,3,3,803.92,11,309,0.018,0.8,0,120.0,0
1,0,4,344.9,7,69,0.204,1.6,0,120.0,1
2,3,0,684.02,5,538,0.985,0.95,0,120.0,1
2,1,3,846.16,8,246,0.816,1.55,1,120.0,1
2,0,4,1037.27,6,558,0.288,1.4,2,120.0,1
3,0,1,541.2,1,588,0.088,0.8,2,120.0,1
2,1,4,796.23,3,445,0.025,0.8,0,120.0,1
3,3,4,915.66,2,602,0.314,0.8,1,120.0,1
0,2,4,200.0,12,108,0.74,0.8,0,61.79,0
1,3,1,902.16,1,285,0.98,0.8,1,120.0,0
2,0,2,670.81,11,56,0.645,0.8,0,120.0,1
0,0,3,393.07,12,264,0.726,0.8,0,120.0,0
0,0,4,771.85,6,287,0.446,1.4,0,120.0,0
1,0,3,602.66,7,554,0.219,1.6,0,120.0,1
1,0,4,879.49,8,124,0.275,1.55,0,120.0,1
2,0,1,631.3,3,363,0.166,0.8,1,120.0,1
1,0,2,670.83,10,540,0.572,0.8,1,120.0,0
1,0,3,669.2,4,424,0.566,0.85,1,120.0,0
2,3,1,542.09,12,124,0.439,0.8,2,120.0,1
0,1,2,670.46,5,709,0.969,0.95,0,120.0,0
0,3,2,557.4,8,466,0.575,1.55,0,120.0,0
2,0,1,525.69,10,122,0.003,0.8,1,120.0,1
1,2,0,615.68,12,93,0.74,0.8,0,120.0,0
2,2,1,749.86,6,599,0.931,1.4,2,120.0,1
1,3,0,607.84,4,503,0.132,0.85,0,120.0,0
2,2,0,516.17,8,13,0.079,1.55,3,120.0,1
0,0,0,356.22,4,3,0.449,0.85,0,120.0,0
2,0,3,743.68,5,190,0.27,0.95,0,120.0,1
1,0,2,691.31,10,111,0.664,0.8,1,120.0,0
3,3,3,591.74,11,348,0.461,0.8,1,120.0,1
1,0,2,698.07,10,214,0.365,0.8,1,120.0,0
0,2,2,452.71,7,169,0.785,1.6,0,120.0,0
2,0,3,916.65,2,657,0.408,0.8,1,120.0,1
3,3,3,705.23,8,217,0.815,1.55,2,120.0,1
2,0,3,637.78,4,536,0.518,0.85,1,120.0,1
3,3,3,704.2,11,23,0.641,0.8,2,120.0,1
1,0,1,824.02,7,453,0.086,1.6,0,120.0,1
2,0,0,892.17,4,418,0.608,0.85,0,120.0,1
1,3,1,835.46,11,165,0.215,0.8,0,120.0,0
1,0,4,525.56,12,301,0.871,0.8,0,120.0,0
2,3,0,411.63,11,507,0.468,0.8,0,120.0,1
3,1,1,616.04,3,204,0.58,0.8,1,120.0,1
1,0,0,613.05,6,321,0.922,1.4,1,120.0,1
2,0,1,677.96,8,7,0.074,1.55,2,120.0,1
1,1,4,925.37,8,674,0.641,1.55,1,120.0,1
1,0,4,627.8,10,237,0.687,0.8,0,120.0,0
1,0,0,578.57,5,440,0.343,0.95,0,120.0,0
2,3,3,790.91,11,219,0.118,0.8,0,120.0,1
2,0,0,585.54,1,498,0.923,0.8,0,120.0,1
1,0,1,613.64,11,664,0.211,0.8,1,120.0,0
1,2,3,442.37,8,116,0.577,1.55,2,120.0,1
1,0,3,698.15,10,697,0.944,0.8,1,120.0,0
1,2,1,859.1,2,105,0.596,0.8,0,120.0,0
2,0,2,322.9,4,74,0.288,0.85,0,120.0,1
3,1,1,722.69,7,726,0.462,1.6,4,120.0,1
0,2,2,801.02,2,605,0.823,0.8,1,120.0,0
1,0,3,797.17,2,104,0.176,0.8,0,120.0,0
3,0,1,953.99,5,236,0.364,0.95,2,120.0,1
0,0,0,600.38,12,223,0.867,0.8,1,120.0,0
1,0,2,380.05,11,238,0.625,0.8,1,120.0,0
0,3,4,948.32,10,352,0.739,0.8,0,120.0,0
3,0,2,866.71,11,157,0.029,0.8,1,120.0,1
1,3,1,747.56,8,126,0.597,1.55,1,120.0,1
1,0,4,372.29,12,6,0.05,0.8,0,120.0,0
0,0,0,839.52,11,64,0.53,0.8,0,120.0,0
0,3,2,530.54,10,524,0.62,0.8,1,120.0,0
2,0,2,891.01,1,114,0.463,0.8,2,120.0,1
1,0,1,548.0,11,280,0.702,0.8,3,120.0,0
2,0,3,434.64,5,428,0.657,0.95,1,120.0,1
0,0,0,790.51,4,514,0.137,0.85,0,120.0,0
2,0,2,337.98,12,658,0.296,0.8,1,120.0,1
2,3,1,791.57,3,210,0.65,0.8,2,120.0,1
3,0,3,564.17,3,216,0.553,0.8,0,120.0,1
0,1,2,782.91,1,152,0.819,0.8,0,120.0,0
1,1,1,468.56,12,256,0.304,0.8,1,120.0,0
3,3,1,959.86,2,4,0.241,0.8,1,120.0,1
2,0,3,381.77,10,604,0.456,0.8,0,120.0,1
0,1,1,543.25,10,117,0.03,0.8,0,120.0,0
2,0,1,1124.79,3,480,0.848,0.8,0,120.0,1
0,0,2,490.2,4,242,0.493,0.85,0,120.0,0
2,3,3,372.18,12,524,0.038,0.8,0,120.0,1
1,3,1,934.48,3,641,0.839,0.8,0,120.0,0
0,3,3,1095.2,8,318,0.694,1.55,1,120.0,0
1,3,1,917.27,1,373,0.57,0.8,1,120.0,0
1,1,2,772.24,11,622,0.922,0.8,1,120.0,0
3,0,1,573.94,3,151,0.961,0.8,1,120.0,1
1,0,1,292.99,7,576,0.938,1.6,1,120.0,1
3,0,3,412.52,2,327,0.121,0.8,0,120.0,1
1,1,2,469.69,7,494,0.756,1.6,1,120.0,1
2,2,2,759.53,1,222,0.876,0.8,2,120.0,1
1,2,0,836.51,9,168,0.138,1.3,1,120.0,0
1,2,4,663.85,5,213,0.603,0.95,2,120.0,0
2,0,1,375.48,1,480,0.743,0.8,0,120.0,1
0,2,3,418.8,11,245,0.88,0.8,1,120.0,0
1,0,1,603.54,6,235,0.636,1.4,0,120.0,1
1,2,1,616.57,11,672,0.34,0.8,2,120.0,0
0,0,3,598.11,5,87,0.752,0.95,0,120.0,0
2,0,1,735.81,9,240,0.206,1.3,0,120.0,1
2,2,1,391.31,2,369,0.192,0.8,1,120.0,1
0,2,0,605.66,12,330,0.43,0.8,1,120.0,0
1,0,0,817.25,6,369,0.343,1.4,0,120.0,1
0,0,4,603.07,4,310,0.815,0.85,0,120.0,0
2,3,2,579.0,4,87,0.226,0.85,0,120.0,1
0,0,0,643.45,3,713,0.598,0.8,0,120.0,0
0,0,1,892.34,1,233,0.819,0.8,0,120.0,0
0,0,3,846.5,2,536,0.281,0.8,0,120.0,0
1,2,1,624.38,8,703,0.016,1.55,0,120.0,1
3,0,0,709.98,3,215,0.92,0.8,2,120.0,1
2,2,4,967.44,3,77,0.925,0.8,1,120.0,1
1,1,1,596.07,8,406,0.994,1.55,2,120.0,1
2,0,1,611.13,11,125,0.597,0.8,2,120.0,1
1,2,0,862.44,8,590,0.71,1.55,1,120.0,1
0,0,0,673.85,4,93,0.681,0.85,0,120.0,0
1,1,3,733.47,11,323,0.206,0.8,0,120.0,0
3,0,1,564.24,2,472,0.887,0.8,1,120.0,1
1,0,2,712.13,10,73,0.709,0.8,0,120.0,0
3,3,1,512.19,10,331,0.431,0.8,1,120.0,1
1,2,1,688.84,12,128,0.222,0.8,1,120.0,0
1,0,1,616.9,1,562,0.623,0.8,0,120.0,0
1,0,3,605.68,12,457,0.178,0.8,2,120.0,0
1,0,0,662.04,2,132,0.839,0.8,1,120.0,0
1,0,3,427.89,7,94,0.442,1.6,1,120.0,1
2,0,2,200.0,2,603,0.09,0.8,1,120.0,1
1,0,4,986.31,1,441,0.902,0.8,0,120.0,0
1,0,4,408.22,10,236,0.338,0.8,1,120.0,0
3,0,4,856.97,11,521,0.848,0.8,0,120.0,1
1,2,4,818.08,3,556,0.807,0.8,0,120.0,0
3,0,4,741.34,6,211,0.103,1.4,2,120.0,1
0,0,2,1136.84,1,585,0.371,0.8,0,120.0,0
2,2,4,849.61,4,17,0.428,0.85,1,120.0,1
2,2,3,543.3,6,674,0.212,1.4,2,120.0,1
2,0,3,385.34,6,484,0.157,1.4,1,120.0,1
0,0,3,402.63,7,728,0.521,1.6,2,120.0,0
1,1,0,729.31,10,1,0.414,0.8,1,120.0,0
2,0,4,713.84,2,578,0.586,0.8,0,120.0,1
2,2,3,772.38,11,77,0.85,0.8,0,120.0,1
2,0,4,779.35,2,265,0.664,0.8,2,120.0,1
1,3,0,443.09,4,492,0.409,0.85,0,120.0,0
2,0,4,597.61,3,500,0.544,0.8,2,120.0,1
1,2,1,541.4,12,209,0.485,0.8,0,120.0,0
1,0,4,769.45,3,667,0.659,0.8,0,120.0,0
2,0,3,727.29,10,307,0.143,0.8,2,120.0,1
2,2,1,375.0,6,612,0.746,1.4,0,120.0,1
2,0,0,466.78,12,274,0.856,0.8,2,120.0,1
1,2,4,703.87,9,446,0.576,1.3,2,120.0,0
0,2,3,438.38,9,88,0.45,1.3,0,120.0,0
1,0,2,569.81,6,124,0.879,1.4,1,120.0,1
1,0,3,918.13,9,429,0.429,1.3,1,120.0,0
1,3,3,570.99,10,659,0.721,0.8,1,120.0,0
1,2,0,422.03,4,228,0.638,0.85,0,120.0,0
2,1,4,726.26,4,596,0.101,0.85,1,120.0,1
0,0,2,528.88,1,712,0.609,0.8,0,120.0,0
1,0,1,772.33,7,170,0.501,1.6,0,120.0,1
2,3,1,509.83,7,713,0.866,1.6,2,120.0,1
0,0,1,734.59,11,245,0.558,0.8,0,120.0,0
2,3,3,718.14,12,368,0.147,0.8,0,120.0,1
0,2,3,312.49,7,188,0.32,1.6,1,120.0,0
1,3,3,367.22,5,705,0.615,0.95,1,120.0,0
3,3,3,1004.86,8,509,0.781,1.55,1,120.0,1
0,3,3,330.14,8,132,0.234,1.55,0,120.0,0
1,3,1,750.47,9,401,0.134,1.3,1,120.0,0
1,2,0,456.65,11,272,0.817,0.8,0,120.0,0
2,2,1,635.59,10,590,0.269,0.8,2,120.0,1
2,0,1,835.45,12,61,0.976,0.8,2,120.0,1
1,0,1,540.17,9,726,0.089,1.3,2,120.0,0
2,1,3,733.9,6,5,0.273,1.4,2,120.0,1
1,3,2,968.98,7,448,0.982,1.6,0,120.0,1
0,3,1,1024.18,10,506,0.936,0.8,0,120.0,0
0,1,3,407.68,11,6,0.844,0.8,1,120.0,0
1,0,0,551.72,12,145,0.998,0.8,0,120.0,0
2,0,4,783.7,2,477,0.623,0.8,0,120.0,1
1,0,1,1001.87,1,333,0.562,0.8,1,120.0,0
2,0,0,951.29,11,102,0.425,0.8,1,120.0,1
2,0,0,746.97,3,8,0.112,0.8,1,120.0,1
0,0,2,429.34,4,727,0.194,0.85,1,120.0,0
2,0,3,299.23,1,120,0.009,0.8,1,120.0,1
1,3,2,200.0,8,600,0.375,1.55,1,120.0,1
0,0,2,768.12,12,652,0.002,0.8,0,120.0,0
3,1,3,668.3,4,19,0.773,0.85,3,120.0,1
1,0,2,652.65,3,273,0.291,0.8,2,120.0,0
2,0,4,460.21,10,573,0.66,0.8,0,120.0,1
2,0,3,1032.1,1,67,0.821,0.8,0,120.0,1
1,0,4,502.71,12,227,0.782,0.8,0,120.0,0
3,0,0,549.97,8,316,0.657,1.55,4,120.0,1
0,0,3,827.63,1,537,0.729,0.8,0,120.0,0
3,2,4,513.56,3,62,0.848,0.8,1,120.0,1
0,3,2,827.41,1,676,0.22,0.8,0,120.0,0
2,0,3,455.75,12,309,0.33,0.8,1,120.0,1
2,3,1,536.76,4,17,0.567,0.85,3,120.0,1
1,1,0,717.64,8,552,0.31,1.55,1,120.0,1
1,0,4,676.81,9,504,0.363,1.3,2,120.0,0
1,0,3,711.97,1,703,0.625,0.8,1,120.0,0
0,0,0,887.31,6,46,0.644,1.4,0,120.0,0
0,0,1,976.08,2,702,0.076,0.8,0,120.0,0
0,2,4,291.33,9,624,0.55,1.3,0,120.0,0
3,2,2,506.05,4,626,0.589,0.85,1,120.0,1
2,2,2,617.38,9,401,0.072,1.3,0,120.0,1
0,0,2,605.96,11,283,0.938,0.8,1,120.0,0
1,2,3,845.3,3,615,0.857,0.8,0,120.0,0
1,2,0,883.71,4,510,0.073,0.85,0,120.0,0
0,2,4,652.05,5,511,0.232,0.95,1,120.0,0
2,2,0,545.55,4,61,0.835,0.85,1,120.0,1
3,1,0,1014.72,7,619,0.561,1.6,2,120.0,1
1,0,0,755.44,2,24,0.312,0.8,0,120.0,0
2,3,4,680.86,5,474,0.787,0.95,3,120.0,1
1,3,0,431.12,11,45,0.638,0.8,0,120.0,0
0,0,2,507.74,5,285,0.512,0.95,0,120.0,0
0,2,2,711.23,12,468,0.085,0.8,0,120.0,0
1,0,3,637.01,7,118,0.704,1.6,0,120.0,1
1,1,3,620.55,10,482,0.188,0.8,1,120.0,0
0,2,1,1167.54,5,368,0.518,0.95,0,120.0,0
0,0,0,828.39,4,463,0.57,0.85,0,120.0,0
0,0,1,732.61,9,591,0.65,1.3,0,120.0,0
0,3,4,692.0,11,237,0.828,0.8,0,120.0,0
2,0,0,659.58,4,615,0.37,0.85,1,120.0,1
2,3,4,667.47,2,352,0.813,0.8,2,120.0,1
2,0,0,289.19,9,616,0.652,1.3,2,120.0,1
1,3,0,562.78,12,308,0.325,0.8,0,120.0,0
1,2,4,659.34,5,261,0.326,0.95,0,120.0,0
3,2,4,826.82,5,49,0.64,0.95,1,120.0,1
2,0,1,739.28,1,161,0.874,0.8,1,120.0,1
1,2,4,696.1,1,268,0.835,0.8,0,120.0,0
2,0,3,657.28,9,315,0.441,1.3,1,120.0,1
2,0,0,899.1,12,415,0.252,0.8,0,120.0,1
1,3,2,568.47,11,105,0.2,0.8,2,120.0,0
2,0,3,474.89,9,389,0.666,1.3,2,120.0,1
2,2,0,1011.41,3,287,0.935,0.8,0,120.0,1
3,3,2,855.73,4,113,0.852,0.85,0,120.0,1
1,0,4,672.3,4,711,0.758,0.85,0,120.0,0
1,0,4,878.55,2,228,0.314,0.8,1,120.0,0
2,3,3,671.72,6,514,0.095,1.4,3,120.0,1
2,3,2,838.53,11,8,0.157,0.8,2,120.0,1
1,0,2,491.04,11,579,0.726,0.8,1,120.0,0
1,3,2,590.79,3,408,0.785,0.8,0,120.0,0
1,3,1,696.68,3,432,0.334,0.8,0,120.0,0
1,0,1,977.75,8,510,0.096,1.55,2,120.0,1
2,0,3,606.81,1,424,0.53,0.8,1,120.0,1
2,0,2,716.18,12,591,0.717,0.8,1,120.0,1
3,0,3,1090.12,7,255,0.801,1.6,3,120.0,1
3,3,2,602.85,7,645,0.337,1.6,4,120.0,1
1,0,0,320.99,11,513,0.646,0.8,0,120.0,0
2,0,1,645.51,6,155,0.249,1.4,1,120.0,1
2,3,2,969.39,5,398,0.193,0.95,2,120.0,1
0,0,3,738.92,6,356,0.243,1.4,0,120.0,0
0,2,1,541.6,8,129,0.29,1.55,1,120.0,0
2,0,4,741.22,6,354,0.856,1.4,0,120.0,1
2,0,1,382.85,5,4,0.207,0.95,1,120.0,1
1,2,4,538.14,11,280,0.504,0.8,0,120.0,0
2,3,1,574.46,6,399,0.414,1.4,2,120.0,1
0,3,2,720.71,11,653,0.304,0.8,0,120.0,0
1,2,1,666.46,12,353,0.069,0.8,0,120.0,0
2,0,4,823.8,5,160,0.378,0.95,0,120.0,1
0,0,3,408.38,6,286,0.438,1.4,1,120.0,0
1,0,0,664.58,6,95,0.21,1.4,0,120.0,1
0,0,0,556.0,9,150,0.671,1.3,1,120.0,0
1,0,2,584.24,2,39,0.084,0.8,1,120.0,0
1,3,3,816.67,8,51,0.401,1.55,1,120.0,1
2,3,3,874.45,5,177,0.121,0.95,1,120.0,1
1,0,0,916.21,3,578,0.4,0.8,1,120.0,0
2,1,1,1122.97,5,228,0.119,0.95,0,120.0,1
2,2,0,697.59,11,10,0.493,0.8,1,120.0,1
2,1,3,849.11,2,113,0.852,0.8,0,120.0,1
1,1,4,903.71,1,105,0.889,0.8,0,120.0,0
2,2,3,477.29,6,690,0.431,1.4,2,120.0,1
2,0,4,367.18,8,116,0.22,1.55,1,120.0,1
1,0,4,729.81,9,106,0.876,1.3,1,120.0,0
1,3,2,521.64,6,621,0.033,1.4,0,120.0,1
0,0,2,953.92,11,130,0.51,0.8,0,120.0,0
0,3,0,474.0,4,198,0.092,0.85,1,120.0,0
0,3,1,926.86,3,579,0.879,0.8,1,120.0,0
2,2,1,559.63,9,715,0.483,1.3,2,120.0,1
2,1,2,645.17,10,665,0.427,0.8,2,120.0,1
1,0,2,581.78,5,211,0.242,0.95,1,120.0,0
1,3,4,692.0,2,487,0.7,0.8,0,120.0,0
2,3,2,398.21,8,683,0.707,1.55,1,120.0,1
0,3,0,552.92,8,136,0.989,1.55,1,120.0,0
1,0,2,379.71,7,625,0.16,1.6,0,120.0,1
1,0,0,484.9,6,599,0.956,1.4,1,120.0,1
1,1,1,929.78,1,457,0.727,0.8,1,120.0,0
1,0,2,322.98,9,114,0.879,1.3,0,120.0,0
1,3,3,579.28,10,391,0.922,0.8,1,120.0,0
2,2,0,383.91,2,526,0.773,0.8,1,120.0,1
1,0,1,608.76,2,312,0.373,0.8,0,120.0,0
1,0,2,646.46,12,254,0.266,0.8,0,120.0,0
2,0,2,578.57,4,461,0.692,0.85,0,120.0,1
2,1,2,691.03,7,632,0.325,1.6,1,120.0,1
1,3,1,490.32,2,197,0.781,0.8,0,120.0,0
1,0,2,543.29,4,187,0.413,0.85,0,120.0,0
2,0,3,881.32,7,636,0.646,1.6,3,120.0,1
2,0,3,776.39,11,526,0.946,0.8,0,120.0,1
1,2,3,749.06,4,106,0.98,0.85,0,120.0,0
1,0,4,395.21,3,327,0.627,0.8,0,120.0,0
1,0,1,503.68,8,532,0.799,1.55,0,120.0,1
3,3,4,1017.23,10,494,0.577,0.8,1,120.0,1
2,0,1,573.61,6,79,0.245,1.4,1,120.0,1
2,2,2,495.19,3,528,0.209,0.8,0,120.0,1
2,2,1,867.94,8,240,0.375,1.55,2,120.0,1
2,0,3,497.61,7,545,0.45,1.6,1,120.0,1
1,0,2,364.16,10,265,0.346,0.8,1,120.0,0
2,3,2,547.29,5,578,0.333,0.95,2,120.0,1
1,0,3,967.77,11,188,0.647,0.8,0,120.0,0
1,0,3,1040.68,8,88,0.3,1.55,1,120.0,1
2,3,0,598.97,6,717,0.892,1.4,1,120.0,1
1,1,2,564.77,4,524,0.383,0.85,1,120.0,0
1,0,2,651.21,1,456,0.06,0.8,0,120.0,0
3,0,4,574.85,2,370,0.607,0.8,1,120.0,1
2,2,1,910.64,12,30,0.528,0.8,2,120.0,1
2,0,1,445.4,12,637,0.632,0.8,2,120.0,1
2,0,2,676.31,9,140,0.856,1.3,2,120.0,1
3,2,4,643.17,5,622,0.588,0.95,0,120.0,1
1,0,2,200.0,1,440,0.514,0.8,0,120.0,0
2,1,4,912.47,7,223,0.467,1.6,2,120.0,1
1,0,2,463.44,11,99,0.925,0.8,0,120.0,0
2,0,4,642.14,3,303,0.179,0.8,1,120.0,1
2,0,4,760.91,12,176,0.166,0.8,2,120.0,1
2,0,2,873.22,6,250,0.621,1.4,2,120.0,1
2,1,1,754.89,1,40,0.301,0.8,2,120.0,1
2,0,1,954.91,2,99,0.942,0.8,1,120.0,1
1,2,1,761.12,8,671,0.55,1.55,0,120.0,1
0,2,1,343.61,7,212,0.346,1.6,1,120.0,0
0,1,2,537.97,11,598,0.25,0.8,0,120.0,0
1,2,3,457.97,1,729,0.075,0.8,1,120.0,0
0,1,1,887.96,3,498,0.278,0.8,0,120.0,0
1,2,4,245.12,3,434,0.631,0.8,0,120.0,0
0,1,3,729.73,2,345,0.722,0.8,1,120.0,0
1,3,2,793.65,9,522,0.735,1.3,0,120.0,0
2,0,4,550.67,1,527,0.691,0.8,2,120.0,1
2,3,0,620.49,9,399,0.758,1.3,2,120.0,1
1,0,1,200.0,8,556,0.526,1.55,2,120.0,1
2,0,4,533.58,5,253,0.952,0.95,0,120.0,1
1,0,0,995.71,11,274,0.449,0.8,0,120.0,0
2,0,3,399.6,8,429,0.257,1.55,2,120.0,1
1,3,4,590.05,5,34,0.374,0.95,1,120.0,0
1,2,2,1211.83,6,129,0.068,1.4,2,120.0,0
2,0,0,404.82,5,201,0.522,0.95,0,120.0,1
2,2,0,618.27,9,725,0.983,1.3,1,120.0,1
0,2,2,644.72,10,501,0.798,0.8,0,120.0,0
1,1,1,624.24,8,550,0.143,1.55,2,120.0,1
1,3,3,672.9,5,464,0.519,0.95,0,120.0,0
0,0,3,468.78,7,246,0.916,1.6,0,120.0,0
1,1,2,716.98,8,218,0.58,1.55,2,120.0,1
1,2,1,205.75,8,478,0.849,1.55,0,120.0,1
1,2,1,798.55,11,405,0.59,0.8,0,120.0,0
1,2,1,597.23,12,451,0.273,0.8,1,120.0,0
0,2,4,587.55,12,550,0.388,0.8,0,120.0,0
1,1,1,459.29,10,74,0.255,0.8,0,120.0,0
0,3,3,808.89,10,27,0.911,0.8,0,120.0,0
2,0,3,778.73,10,226,0.094,0.8,2,120.0,1
0,2,4,633.58,7,551,0.319,1.6,0,120.0,0
1,3,2,533.26,9,418,0.698,1.3,2,120.0,0
1,3,4,708.2,2,557,0.842,0.8,1,120.0,0
2,0,3,491.38,11,440,0.209,0.8,0,120.0,1
0,3,0,672.66,11,44,0.55,0.8,0,120.0,0
0,0,2,545.91,8,524,0.836,1.55,0,120.0,0
1,3,0,732.87,2,229,0.888,0.8,0,120.0,0
1,0,0,786.14,2,111,0.219,0.8,0,120.0,0
1,0,4,988.41,7,478,0.704,1.6,1,120.0,1
2,0,4,788.03,5,637,0.91,0.95,0,120.0,1
3,1,1,652.51,6,418,0.809,1.4,1,120.0,1
2,0,2,740.45,8,565,0.471,1.55,2,120.0,1
2,0,3,634.69,6,318,0.616,1.4,1,120.0,1
1,0,2,433.19,6,22,0.333,1.4,0,120.0,1
1,0,1,457.27,8,590,0.127,1.55,2,120.0,1
0,0,0,831.48,1,403,0.954,0.8,2,120.0,0
0,3,4,1018.99,4,653,0.943,0.85,0,120.0,0
0,0,3,617.72,5,580,0.354,0.95,1,120.0,0
2,0,2,678.64,4,723,0.639,0.85,2,120.0,1
2,0,2,670.91,10,480,0.354,0.8,1,120.0,1
0,0,0,395.09,5,345,0.291,0.95,0,120.0,0
1,0,2,719.31,12,656,0.457,0.8,0,120.0,0
2,0,2,973.91,2,595,0.502,0.8,1,120.0,1
2,0,0,702.18,5,305,0.646,0.95,0,120.0,1
1,3,4,324.01,5,69,0.626,0.95,2,120.0,0
1,1,2,551.39,3,515,0.634,0.8,0,120.0,0
1,3,2,774.98,8,128,0.486,1.55,2,120.0,1
1,3,0,626.93,8,33,0.282,1.55,0,120.0,1
0,0,1,210.91,5,100,0.013,0.95,0,80.74,0
1,2,4,603.33,5,691,0.325,0.95,0,120.0,0
2,3,1,713.28,7,545,0.696,1.6,3,120.0,1
1,2,4,833.03,7,447,0.203,1.6,0,120.0,1
2,3,0,514.85,7,548,0.299,1.6,1,120.0,1
0,3,2,806.85,8,118,0.065,1.55,0,120.0,0
2,3,1,725.17,5,652,0.64,0.95,1,120.0,1
2,0,0,804.46,10,497,0.849,0.8,1,120.0,1
1,0,1,946.97,8,163,0.579,1.55,2,120.0,1
3,3,1,563.35,10,407,0.159,0.8,0,120.0,1
2,0,0,651.71,6,711,0.691,1.4,2,120.0,1
1,0,3,1010.67,11,323,0.308,0.8,1,120.0,0
3,1,4,924.42,11,389,0.957,0.8,0,120.0,1
2,3,3,873.14,3,173,0.513,0.8,0,120.0,1
1,0,0,492.55,5,559,0.945,0.95,0,120.0,0
2,0,2,609.33,10,636,0.282,0.8,0,120.0,1
1,3,2,200.0,12,168,0.238,0.8,0,120.0,0
0,0,4,479.62,9,368,0.418,1.3,0,120.0,0
2,0,4,714.98,12,520,0.083,0.8,2,120.0,1
1,3,3,561.06,9,269,0.665,1.3,1,120.0,0
1,0,4,627.73,4,217,0.974,0.85,1,120.0,0
1,0,0,407.11,4,205,0.444,0.85,1,120.0,0
1,0,1,624.95,10,172,0.39,0.8,0,120.0,0
2,3,0,424.8,6,220,0.09,1.4,3,120.0,1
0,0,1,379.97,12,440,0.593,0.8,1,120.0,0
3,2,0,549.83,4,11,0.406,0.85,1,120.0,1
1,3,3,418.5,10,726,0.314,0.8,0,120.0,0
2,1,3,727.27,10,345,0.278,0.8,0,120.0,1
2,3,2,1002.88,2,127,0.996,0.8,1,120.0,1
1,0,1,959.9,8,587,0.103,1.55,1,120.0,1
0,0,3,398.95,4,26,0.462,0.85,0,120.0,0
0,3,3,586.99,5,122,0.421,0.95,0,120.0,0
2,0,2,852.97,8,533,0.096,1.55,1,120.0,1
2,3,1,603.1,6,729,0.231,1.4,1,120.0,1
2,0,4,925.57,9,143,0.995,1.3,1,120.0,1
1,0,0,600.22,1,229,0.999,0.8,1,120.0,0
1,0,4,561.8,1,667,0.945,0.8,0,120.0,0
2,0,1,703.69,10,303,0.793,0.8,0,120.0,1
1,0,2,654.07,3,487,0.885,0.8,1,120.0,0
0,1,2,512.81,10,724,0.995,0.8,0,120.0,0
2,0,3,745.31,12,202,0.446,0.8,1,120.0,1
1,0,2,900.74,10,311,0.842,0.8,2,120.0,0
3,0,2,603.43,12,60,0.509,0.8,1,120.0,1
2,0,3,693.01,11,226,0.307,0.8,0,120.0,1
0,0,2,772.86,6,449,0.222,1.4,0,120.0,0
0,1,0,821.04,7,556,0.064,1.6,1,120.0,0
1,2,4,929.41,3,600,0.051,0.8,0,120.0,0
2,0,3,740.75,3,613,0.841,0.8,1,120.0,1
1,0,4,638.96,5,309,0.498,0.95,1,120.0,0
0,3,0,519.34,11,130,0.242,0.8,0,120.0,0
0,1,1,547.46,7,528,0.342,1.6,2,120.0,0
2,0,2,660.99,12,643,0.958,0.8,2,120.0,1
1,3,2,673.51,12,250,0.615,0.8,1,120.0,0
3,0,4,868.74,4,342,0.206,0.85,2,120.0,1
2,0,3,510.4,11,69,0.245,0.8,1,120.0,1
2,3,0,767.16,7,494,0.828,1.6,2,120.0,1
1,3,0,427.33,10,634,0.669,0.8,2,120.0,0
1,3,2,440.34,5,122,0.338,0.95,0,120.0,0
0,1,0,533.32,4,20,0.199,0.85,1,120.0,0
2,0,3,669.54,7,266,0.582,1.6,2,120.0,1
1,0,1,643.77,7,652,0.886,1.6,0,120.0,1
1,0,4,577.97,11,69,0.64,0.8,0,120.0,0
3,0,3,1018.93,9,146,0.339,1.3,1,120.0,1
2,0,2,404.39,6,482,0.37,1.4,1,120.0,1
2,2,0,529.81,11,335,0.594,0.8,1,120.0,1
1,1,3,372.55,2,246,0.918,0.8,0,120.0,0
1,3,1,801.39,2,551,0.805,0.8,0,120.0,0
1,3,3,764.16,10,20,0.568,0.8,1,120.0,0
0,3,3,503.73,5,443,0.093,0.95,1,120.0,0
1,2,3,791.67,11,685,0.516,0.8,0,120.0,0
2,0,0,513.85,12,546,0.966,0.8,0,120.0,1
2,0,1,592.36,8,479,0.263,1.55,0,120.0,1
3,0,4,272.33,10,36,0.435,0.8,2,120.0,1
1,0,0,696.72,5,154,0.813,0.95,1,120.0,0
2,1,2,922.12,6,433,0.122,1.4,0,120.0,1
1,2,1,518.84,4,328,0.724,0.85,2,120.0,0
2,1,2,391.69,3,5,0.422,0.8,1,120.0,1
1,1,1,648.92,7,15,0.854,1.6,0,120.0,1
3,0,3,544.0,10,198,0.298,0.8,1,120.0,1
2,2,0,314.51,6,489,0.169,1.4,1,120.0,1
1,1,3,749.59,11,399,0.02,0.8,0,120.0,0
0,2,3,778.75,8,626,0.098,1.55,1,120.0,0
1,0,4,331.84,12,134,0.156,0.8,0,120.0,0
1,0,4,550.96,12,632,0.506,0.8,0,120.0,0
3,1,2,815.48,6,336,0.023,1.4,4,120.0,1
3,0,1,335.79,12,263,0.812,0.8,1,120.0,1
2,0,0,649.2,8,406,0.04,1.55,2,120.0,1
2,2,4,530.89,5,268,0.546,0.95,0,120.0,1
2,3,4,538.97,2,444,0.239,0.8,0,120.0,1
0,0,4,782.04,8,462,0.433,1.55,1,120.0,0
